,MachineID,OperatingTemperature,VibrationLevel,CycleCount,AmbientTemperature,OperatingHours,FailureProbability,FailureStatus
0,M3,77.73266308584698,0.6891697994611647,7238,30.230307759705195,13,0.6107235009768021,0
1,M4,108.6536365561552,0.759652438796599,1671,18.511729574466305,15,0.7990171512139043,1
2,M1,88.33413381014908,0.567402465248391,8603,38.28778453885506,4,0.529596771680945,0
3,M3,57.71804082142636,0.2477153267118936,3075,32.75876494673872,16,0.2459818132173062,0
4,M3,51.37949308310234,0.56855162491919,4016,23.599941238735266,12,0.340816430442665,0
5,M4,78.23328846608617,0.408891172496037,6848,25.06366877803716,4,0.3848054730844809,0
6,M1,42.32392467741308,0.6471265370720769,8400,16.849758312293474,3,0.5248684483545176,0
7,M1,105.38188267205692,0.5197901411901874,6997,27.535950274170546,22,0.6366579522441904,1
8,M3,93.29470394062012,0.4560204801238031,9352,19.980085125499368,17,0.5017857102738685,0
9,M2,60.88732347373986,0.5439009208004829,6078,19.46156090862376,22,0.3596649008456312,0
10,M3,36.17078224982482,0.368116380512303,6130,19.995594044646705,18,0.072950578094285,0
11,M3,96.56888523003256,0.346797990804486,7414,22.633550705031404,18,0.4579226443391992,0
12,M3,67.22521597866677,0.591211301957294,4753,18.498099232789585,23,0.5253338016252636,0
13,M3,94.8799877346205,0.3974126442866096,8457,21.96120472049412,17,0.4757606441602878,0
14,M4,36.61543226696323,0.3094847428945837,1963,17.572787548578674,12,0.0915589873732796,0
15,M1,58.97194007300763,0.4850830430550344,6680,26.194469187195743,23,0.3967145503096035,0
16,M4,71.39025927337792,0.6080169819720399,3987,17.33970098919362,21,0.5344279321622284,0
17,M4,70.3140312376068,0.6430830348318707,3284,18.877798604871057,4,0.4706764121145653,0
18,M4,60.60025441106635,0.572826914595642,4119,27.66525346461273,12,0.4670389856084549,0
19,M3,83.70031087179514,0.3864489524054144,3556,25.782834066141955,23,0.3837524457609709,0
20,M2,48.52453982135821,0.2987545929921743,3398,30.899336123323025,22,0.1277106359118699,0
21,M1,67.74065574552576,0.6516601899453162,2774,31.09848147471771,21,0.5664867727146531,0
22,M2,72.31360724043721,0.5266949828462927,4290,38.282742165846834,20,0.3815600668918108,0
23,M4,81.84508406965526,0.5750508366749248,9100,23.58713007705395,15,0.4334645396476332,0
24,M4,84.72237719002929,0.6470893830209902,5155,16.42966833611673,23,0.6400157223448594,1
25,M2,48.0548139351618,0.5626226880718878,6577,27.191566932668444,16,0.3367214042807497,0
26,M2,39.88402312402114,0.5184151218454837,3474,20.533387947120964,5,0.2668142453237344,0
27,M2,94.99842270164248,0.6976719034155578,3897,19.15635135737082,21,0.8402796191496033,1
28,M4,76.18304110266929,0.4671069315145209,8040,25.095422673222533,15,0.372864005779873,0
29,M4,55.7995149084289,0.5770402462049697,3515,32.63426157668171,17,0.4205295918193321,0
30,M1,101.14945233988408,0.4975871901313377,8017,22.22795740227584,18,0.5872124574854947,0
31,M1,71.1358816780454,0.5255918641488044,4561,32.989581241214296,5,0.4445703080450572,0
32,M4,95.45904810590132,0.6233054370958794,3971,23.267638878602416,13,0.7267095777246187,1
33,M2,72.32844149549928,0.5470346126750848,9555,25.585549813523333,19,0.4695312071190488,0
34,M2,111.25258482148476,0.4528593014654232,2613,24.668728188634265,13,0.6983092951802646,1
35,M1,104.83331586706412,0.6346925278819033,3347,24.835268684861976,18,0.7283760094843965,1
36,M4,65.2193928879486,0.5810933189943142,10166,18.148498019537836,14,0.3261310380361124,0
37,M1,89.94893911824454,0.388476852507946,3581,30.94076716433021,4,0.4194118999134031,0
38,M1,80.8745182560329,0.4142109378479801,5140,21.491794550634097,4,0.3587555166056472,0
39,M3,99.48498086013274,0.3459431570747091,6953,29.817155658971966,20,0.3842413658626287,0
40,M3,49.91164647923099,0.7696314766299053,9579,18.6387998822664,20,0.5741006059112986,0
41,M3,83.71912356698003,0.3764630889908227,6125,17.576640337021043,19,0.3576685488391894,0
42,M2,91.2033566197709,0.3877087749569868,1401,27.85289975710647,13,0.4835222245697968,0
43,M4,36.82206049022656,0.4856802675535461,8103,28.10998610150868,12,0.1785936307985949,0
44,M4,46.24670590567781,0.5371721043136314,8294,20.99543108773093,7,0.3018311722603459,0
45,M4,30.80386373915162,0.5642904025201295,1582,25.152050903901657,12,0.2492203731188927,0
46,M4,65.01859078056997,0.5793717426917575,3031,21.736573242247594,21,0.454432879044837,0
47,M3,83.3889602537133,0.4488762783939927,9308,25.81887371317476,4,0.4238878647100004,0
48,M2,100.18184851002336,0.5013759282265513,3610,26.79715625132578,2,0.5492943305849143,0
49,M2,71.36338688668059,0.5442484805608259,8367,20.673056100938485,2,0.4400232794946788,0
50,M3,101.4882404265216,0.4642466044065888,8436,21.922430486917733,5,0.5658981477139774,0
51,M2,42.75569360517441,0.6799484993512969,10197,24.03118659325248,23,0.4616024041183549,0
52,M3,35.95445396274676,0.5348459527500821,6991,22.69132631239982,10,0.2662368228006358,0
53,M4,69.44546772752616,0.6055890536817478,5968,21.66019982100136,10,0.4745935654384067,0
54,M3,77.87466175838446,0.5349159850929162,679,22.555057562951205,9,0.4921069203847317,0
55,M4,68.69500214110407,0.6210002953560106,2038,24.33347697677945,13,0.5289323775364397,0
56,M4,29.419491991492784,0.4369152267645091,3228,27.086169600392843,7,0.1808134055661009,0
57,M1,67.59320092949066,0.3518212817315579,4140,15.702355688319038,5,0.2452325080413396,0
58,M3,40.81093946711967,0.5683432312317631,1921,22.12509321582773,10,0.2842744631268939,0
59,M1,83.522103924555,0.3831775672854136,7885,35.68989783456804,10,0.4190450287287043,0
60,M3,76.77789119470297,0.4311333080075201,2130,26.31707078877608,6,0.3649595996811935,0
61,M3,51.584534777849534,0.4383829243799989,8391,30.761968231833325,19,0.3719360216644,0
62,M1,61.721533389205845,0.5554246017167641,5378,35.70944580709619,21,0.5023688741613493,0
63,M1,50.84346925536902,0.446803429867911,3668,21.657285325118178,8,0.2657564126209998,0
64,M3,68.58129513231472,0.5359708537984783,9074,24.586469666265312,1,0.4313060646526395,0
65,M2,88.27633123877871,0.6868919450831595,9278,35.8183937718571,17,0.753609417342231,1
66,M4,50.87016235520704,0.5212725396518471,4107,24.41646621944116,7,0.3053250348358782,0
67,M1,79.71070471849053,0.7410386422736707,2228,22.221166769521417,14,0.8217742889422492,1
68,M4,59.78662415489813,0.5375958771457171,5119,15.9606500562015,21,0.3915954985459907,0
69,M2,53.48168259252626,0.3597260115364429,3942,22.36642068867473,21,0.1273770996577223,0
70,M2,68.11008521693161,0.5859751544546059,5429,27.984187091560795,17,0.4732898129355996,0
71,M2,48.48317939931904,0.5214185586730097,9601,33.68540099751807,9,0.343406459079558,0
72,M1,60.11126730908782,0.6936402501703375,9283,25.52735363174957,17,0.50228245262457,0
73,M2,45.45246445747042,0.6648168871768009,2593,16.945855694535414,5,0.3165386763153056,0
74,M1,109.95560519406276,0.4238672790899391,5810,15.86298160344999,20,0.6134615491614439,0
75,M2,69.44050375624906,0.403695679881589,5366,28.419180038355822,8,0.2780166799756819,0
76,M4,56.78666369675898,0.6335921546557167,5938,30.19286482702361,6,0.2998684080112513,0
77,M4,73.31321414541624,0.4289582316315797,6738,27.623473649867115,11,0.3369634262328095,0
78,M3,68.0146158131579,0.4477197868277415,6814,28.584697807933285,19,0.3240572586056372,0
79,M4,66.60380898268352,0.5560711434473803,4953,35.313724209727695,4,0.4435141716685445,0
80,M3,82.08335110231172,0.6914995263096777,3448,22.76093375449429,18,0.677307195779559,1
81,M4,84.12098729020018,0.5772121113097922,5792,26.747693273175567,1,0.53223171556934,0
82,M1,59.88678955492537,0.3181733500880224,5654,20.39484566800723,13,0.2120492995835481,0
83,M4,57.64265378811985,0.5431360854075726,8740,23.81664072681397,14,0.387953580080818,0
84,M3,64.0947204577699,0.5061882554396947,5996,18.90412977602942,1,0.5113196524781086,0
85,M3,24.22703936478403,0.4285558787369867,4814,24.68837933892957,11,0.0790189493210164,0
86,M2,41.05685479213666,0.4414638536416045,2543,26.455353759792853,17,0.1969425767546532,0
87,M1,97.36403870268995,0.5184276984296938,2327,26.40910153373213,4,0.5428657299612815,0
88,M4,102.9222117798708,0.3386911423347247,5328,19.87800865115273,12,0.5096019574117655,0
89,M2,65.75679210249528,0.5392121778614312,1798,25.76404639255329,10,0.4324879172136836,0
90,M4,81.58151115778833,0.5362323976652524,3164,33.793976733826085,6,0.4429866696787887,0
91,M4,76.86053329070363,0.5081365868184903,2484,28.75271964669795,1,0.4750447575722024,0
92,M2,132.65614971516771,0.3160039933488957,2400,30.418410902772305,7,0.6776666543801952,1
93,M2,92.06376107842354,0.4691308276241082,6170,20.96809360943792,21,0.4745163214676843,0
94,M2,64.16663753647121,0.5429116861281453,6737,23.14127038141781,16,0.4662872667314962,0
95,M2,50.07126409440602,0.4534224129871784,8833,20.785645472123942,14,0.2519969317596165,0
96,M2,39.07975560568386,0.6362029058002109,2992,21.4712114896567,23,0.4353701646211078,0
97,M4,74.03550793594681,0.5587562186625412,1864,29.62911857006548,20,0.3601871701920238,0
98,M2,54.53385482338604,0.4445648357825129,2134,20.106392284103546,20,0.3107390236010601,0
99,M1,42.72171080124973,0.7349338637820226,1805,33.883593101196844,6,0.3407174808493807,0
100,M3,56.96721739891957,0.3386316001691292,2545,29.02162798017905,22,0.1687785509082011,0
101,M2,46.27650672196295,0.3330914476128291,10921,30.867805697607608,5,0.1153628275629495,0
102,M2,102.23753064044296,0.3186945476627663,1634,26.33129910861849,21,0.4304881720591739,0
103,M4,88.05144315980591,0.5954267323499455,6788,29.321176538009023,18,0.6714872759492746,1
104,M2,69.77365623207294,0.4055726902391237,7765,29.132062626182357,15,0.3444552475338344,0
105,M2,101.05353925662976,0.785882826669007,9691,31.12668588304678,6,0.9611514133053118,1
106,M2,70.81409746914818,0.3730352554529083,9383,23.431149385601685,19,0.3501673003495947,0
107,M4,52.46481521143093,0.5366605575318372,1507,34.64277905875026,1,0.305030283020215,0
108,M2,99.57797847233311,0.5449863585041972,6405,33.04681305469705,1,0.7906067405155653,1
109,M3,80.25760669601273,0.7142857273730006,4433,26.955183079651174,13,0.7368726959893587,1
110,M4,47.363173012217246,0.7486074879602493,4750,33.696402785331884,3,0.5656486811911409,0
111,M3,65.80754177427731,0.5571106676939458,5333,19.39348115218981,10,0.5235367229606334,0
112,M4,52.43576606853495,0.6363433826670835,3237,23.5990321895066,21,0.4073291274321926,0
113,M2,42.2076745382476,0.5618219654513343,3608,26.72245510519674,3,0.3087658778063035,0
114,M3,90.67310421436564,0.6577574303845558,3710,26.8605897605399,9,0.5933323290937746,0
115,M4,110.02181738657958,0.4021211092515921,10132,24.448636261681266,8,0.5763170883471053,0
116,M1,41.27774905265609,0.5589794068439058,4517,29.434514963033063,3,0.1572616879274083,0
117,M2,79.21544803915882,0.3801234465426428,5274,25.762942818734142,13,0.46095712607168,0
118,M4,56.88794826463191,0.4665063477157009,6312,22.498903331874907,6,0.3038902493787191,0
119,M1,60.6340024628767,0.3697487095361258,9265,24.74151106765514,13,0.297011655454222,0
120,M4,57.29163744183978,0.6621914535881599,2279,29.79314485368727,23,0.4046585315908202,0
121,M1,51.90920897247796,0.5824454711662592,2036,28.12626458960311,20,0.4005835323148089,0
122,M2,72.55298752820906,0.5002564347607206,6527,30.873697526622745,20,0.4180069333706839,0
123,M3,53.123446100633934,0.6699149130097868,7021,22.58872669000549,12,0.4929629147508077,0
124,M1,76.07138670129251,0.3855908292702851,9256,32.734102044800125,13,0.3247467893708023,0
125,M4,68.06493211316281,0.4509459762519615,9632,36.11847527659216,2,0.3846398614287608,0
126,M2,65.16409860394701,0.365485405408267,252,28.11173570763273,21,0.2705889610489271,0
127,M1,51.512388405533535,0.3217720084093654,8481,19.282737998994897,23,0.1180115903301711,0
128,M4,57.78920014983006,0.510673613050204,8620,17.543868429314053,16,0.3205961726201751,0
129,M4,86.26312492803682,0.5225941109817581,8191,23.36823681969028,23,0.4726036482368387,0
130,M4,78.62946674285459,0.7469813168395393,10450,23.08230850680877,6,0.6567422115509277,1
131,M1,50.74895192954027,0.4543927232347781,4191,21.9973060745856,19,0.3563476979050986,0
132,M1,71.63152445309403,0.3941954576994442,6554,31.00297202789594,21,0.3064094145745166,0
133,M1,85.44256694947165,0.7449961484244902,9189,24.805091261043792,13,0.7451614278742416,1
134,M3,36.27031774535421,0.6158772483305921,3458,21.804445098480443,17,0.3622658771185328,0
135,M1,81.73439690951764,0.4413011476621981,8023,26.783632050783925,23,0.5315791011592776,0
136,M1,55.807822222830914,0.4127996113725207,4205,20.68474036420757,9,0.2886414520552827,0
137,M1,82.56952656353849,0.4204845688115179,8460,30.91123508441186,17,0.3740779635563558,0
138,M3,54.70601417447524,0.4773891871370617,7516,16.38244890425263,2,0.2640053730496157,0
139,M1,32.57385545769449,0.6425008468874697,1757,25.582156160046097,19,0.3222967168377166,0
140,M4,38.12936669823957,0.6494081834160517,6232,25.394388078203495,19,0.4756661564584766,0
141,M1,70.76284918970998,0.6673185145731838,1402,29.923509931787617,7,0.5888404932799218,0
142,M4,73.48661210829009,0.4038218924265563,2723,22.04674005098998,22,0.3571792107123336,0
143,M4,52.2461355816707,0.4010361563532834,3469,17.71383059478346,10,0.1665604408577392,0
144,M4,83.77844489082517,0.5167492345462974,2356,29.87252232034964,10,0.4787130224290882,0
145,M3,38.05173449498093,0.2821130624355696,1013,17.33948782258991,20,0.0114293128083318,0
146,M3,68.3000521444539,0.6102259529566125,2758,32.24704773564704,9,0.4246462267285751,0
147,M3,45.92499406007661,0.3999579438620138,2395,25.05701020130183,17,0.2247707888197881,0
148,M1,57.01381418674973,0.4463153006626494,6905,34.66452079391474,15,0.2795388900619167,0
149,M4,72.43777605789963,0.2983844150571049,32,20.58126402947748,2,0.2170649118656992,0
150,M3,51.98124411194764,0.6430701124497853,2953,20.786283330019664,4,0.3456848232983356,0
151,M3,61.84422966319895,0.4766498164148298,3128,12.225946747829076,19,0.2724844263268083,0
152,M1,89.291135874839,0.3505427976604517,5754,22.659661061865016,17,0.3921850989461098,0
153,M3,57.01301208642414,0.1987880142058164,5106,24.309926830592293,5,0.0770549540709847,0
154,M1,86.96162942235492,0.5903113781939628,9235,17.358427888848468,7,0.4889042392136922,0
155,M2,49.00716123862522,0.6299113780804728,1016,22.34357254771121,18,0.4781186817081607,0
156,M3,80.3975990997906,0.577903512843259,6416,13.06350853120258,21,0.6669333336496188,1
157,M2,97.94947579161489,0.4688407174645635,7241,28.099904306663017,22,0.5214144855053208,0
158,M1,20.75396969968628,0.4554608123342129,4474,27.3737694700482,7,0.0686897298031795,0
159,M4,54.65121306936312,0.5801791542769954,10008,23.82542205462606,17,0.3663614971383629,0
160,M3,81.38507940617423,0.4337927441247684,6845,33.850532864458984,7,0.3732186068957504,0
161,M1,67.34262761109431,0.6187144725186365,1840,30.903630599928476,4,0.39430677258028,0
162,M4,76.61055557313865,0.4907011533196673,3851,33.03363798011938,8,0.5329883042165144,0
163,M4,57.63332662917123,0.5625531626561642,7461,25.79779180549434,13,0.4836627077321335,0
164,M2,72.02778365430096,0.523094759049314,7541,20.819094952720725,4,0.3935149505215253,0
165,M1,67.27941904477625,0.4243513498965814,925,24.98210055922579,6,0.3302010295877044,0
166,M4,93.4028693254943,0.3393723426613757,2175,16.672097493402806,5,0.4183208787264786,0
167,M3,73.80999694366712,0.5106041922102775,4506,26.715765690108405,12,0.3329422917704739,0
168,M3,79.09006464571037,0.3963550042266329,7964,23.24381062268507,4,0.4121339931405444,0
169,M2,61.52649076250455,0.5191729488260856,1891,29.685007941934725,9,0.3780251574990121,0
170,M4,60.35814303713479,0.5883900900617547,2659,29.965673346897766,4,0.4462781547832052,0
171,M1,61.96559733678056,0.4851389370301294,1616,31.225192570373054,19,0.2411310494186714,0
172,M3,77.2525374849164,0.5558287039818286,6359,18.701207934876543,14,0.6372594367457921,1
173,M4,61.63723680446552,0.4936613974710556,9542,32.17710149554981,5,0.3279693332072372,0
174,M4,75.11830690027497,0.4533444176521525,7928,30.60059939785241,18,0.4377154229869236,0
175,M2,111.923566714383,0.4566593927148402,3713,22.44079987848972,10,0.5627191480439637,0
176,M3,87.14647142007829,0.2122355876713628,2550,21.477904311010857,19,0.2663075111080051,0
177,M3,63.74824788394785,0.6670198524453939,3050,17.875377095029332,12,0.4545845708385898,0
178,M1,92.97774109679328,0.5286358887879306,7191,32.37407105983432,18,0.6382492832244164,1
179,M3,61.00957610556277,0.3487682589936828,3065,32.74404805055017,17,0.3175598384769705,0
180,M1,27.87236861958612,0.4672566092354221,7043,18.033049269146616,11,0.1788391859965495,0
181,M3,49.12774370232572,0.5385289162419653,6011,22.857674391963023,3,0.3377970503246502,0
182,M2,30.01063733578475,0.3978631079694612,6741,28.23375248502576,23,0.0454863129554512,0
183,M3,62.662630113486,0.3841739907371244,4737,20.20726194275418,17,0.2893339109495373,0
184,M1,69.8341273118281,0.517494161606479,1200,32.639107029402226,1,0.4796888611276327,0
185,M1,103.67965720913072,0.4225999528685243,6775,25.741003657488594,15,0.4752465201073693,0
186,M2,76.58315519971754,0.4605945373185526,10046,26.406989850289133,9,0.4751700983786284,0
187,M3,66.8750691923038,0.3553926474680749,9900,29.554734002727084,15,0.246587953043184,0
188,M3,89.1824218084439,0.538710439069902,5501,27.858052474066778,3,0.5501477851611107,0
189,M2,26.914832832992936,0.5073148285873997,5860,21.212172865140605,22,0.1515786676625646,0
190,M3,74.25918357279622,0.300994407890319,9519,15.010223123375775,19,0.2660637330926378,0
191,M3,84.92391312802944,0.570124216111989,5298,31.32049319800317,13,0.6348719016377473,1
192,M1,41.29693812675888,0.4432855644078097,8927,31.88425452525767,12,0.1667135623034113,0
193,M3,91.19173616956574,0.3741749636400726,9705,22.92881543513024,20,0.4478702889272029,0
194,M3,76.45472522372481,0.4520584602171356,7736,23.58900300336506,1,0.458377737418937,0
195,M2,61.456088786940114,0.6762537343354558,5731,28.172273952574493,21,0.4951097529783128,0
196,M2,83.23976880694451,0.4228225871711194,3098,25.78742785865644,17,0.3530175223822428,0
197,M4,116.0277235022287,0.5945431047730643,9616,26.12626408766724,13,0.690217624957141,1
198,M1,72.89276456077688,0.5820800325939046,8665,21.325583779054767,1,0.468773081046643,0
199,M3,74.55003906430153,0.5059033781447394,2670,29.434843119912983,10,0.5039560078533832,0
200,M3,61.25788626402783,0.5224626175307222,5104,25.10725002081185,15,0.3594755743814463,0
201,M4,52.2041919547854,0.4125158033557554,1057,25.76053782894998,7,0.2375385089881503,0
202,M3,87.81283476565919,0.3346604980992138,4497,23.76984502874383,22,0.4048749517573046,0
203,M1,53.487498715262895,0.4862544186511383,6111,28.47950616511438,18,0.3067087691086257,0
204,M4,71.6028342925827,0.4418627425663954,7134,24.909548813181814,16,0.2995769369387535,0
205,M1,60.83779166297859,0.2216105871899146,8926,27.70471607682301,14,0.0990308936168073,0
206,M4,79.11270589798704,0.4741112738528282,5637,15.260240467670624,18,0.4974396219693402,0
207,M4,76.04695068355134,0.5662764053479827,9306,31.696059334631,7,0.5589259580644219,0
208,M2,90.32607666901929,0.2565634271787171,3968,28.67546774095484,17,0.3052460580689551,0
209,M1,60.2996387151649,0.314571306830464,4360,17.10838044881776,18,0.2157310262265645,0
210,M3,64.80351627484123,0.5975740443629505,5047,21.06500965786146,12,0.4298977234606955,0
211,M3,50.00201122466114,0.6943127956582322,867,26.1927222021211,8,0.5501809014836821,0
212,M1,61.86371654178542,0.4325496277209379,2909,15.489284695837494,22,0.3273831348973643,0
213,M3,77.37206343856089,0.3548410261900331,8096,30.03715554059957,2,0.3719971296339288,0
214,M3,84.44646158731787,0.5367435531355965,5796,24.02993203766517,7,0.4648333774123374,0
215,M1,51.811035025746015,0.6184469903075326,9043,32.85162849364949,4,0.4825900166095588,0
216,M4,86.37908889049037,0.494921183535367,2532,23.865489857211237,18,0.4184537770067235,0
217,M1,95.42553342616333,0.4986885733301104,6341,18.86285370993065,6,0.4725491678889981,0
218,M4,78.26359348890875,0.5028480614245929,4806,24.54113053516725,9,0.3917529410965888,0
219,M3,106.87850245745044,0.3779955518432542,8323,23.816537863390995,9,0.5304000812173333,0
220,M3,54.27006166525869,0.3873746756211155,1822,19.897047096799888,14,0.3068234805956222,0
221,M3,44.140173015627205,0.6781176610736975,4747,40.90396213106347,8,0.4824787257732426,0
222,M2,35.634527161616994,0.6368867458005303,1215,22.654719925244592,19,0.2088325709653054,0
223,M4,99.25939348585553,0.47299514587868,1309,15.15864153339816,3,0.5115723723300903,0
224,M2,82.65531374891034,0.3713280971684882,7397,33.80051986206453,18,0.4493412711066893,0
225,M2,69.26618984937413,0.3099369943088284,6699,22.68172710962464,5,0.2332296370273572,0
226,M1,74.22275822807373,0.5791243139763758,4590,24.126134785590978,14,0.5344326263638103,0
227,M2,46.03966928078376,0.4373168519277299,2733,23.53704178301509,4,0.2499253484648357,0
228,M1,119.29599242802992,0.353754310241943,5963,22.23198099408153,7,0.6740527384035317,1
229,M1,72.13947600904238,0.81441821827373,6824,16.985309454581035,20,0.9130928707596538,1
230,M2,71.2864007852037,0.4906314785186872,5792,19.27765894137019,12,0.4377227829703297,0
231,M4,85.11870565092116,0.5134554780354774,6134,24.84319719822633,2,0.4040899464215008,0
232,M4,78.80826297562628,0.4624159147785854,1931,21.49211601708173,11,0.3840099600994201,0
233,M4,74.2031681860337,0.6383235157645951,773,27.539617079212125,14,0.5463113814832341,0
234,M4,53.29438042312125,0.5053727338789735,2464,28.01496829244236,22,0.3087728226170453,0
235,M4,79.73280432896973,0.3608588673269559,4264,21.897619186272895,23,0.300178052397808,0
236,M2,108.97256612221744,0.5093079290394131,7109,26.141079304198666,16,0.7412196480986357,1
237,M2,95.04736099376744,0.3811772761850361,9712,24.395696856687145,20,0.4923539099236251,0
238,M3,101.97639022153858,0.7417605126877223,2250,21.561913848461053,6,0.8264005335649759,1
239,M4,60.63227491326265,0.6184779050579746,8054,27.84774666551996,23,0.4801312349072047,0
240,M2,49.78642584752261,0.4353424645399992,4501,25.44398852846248,4,0.2301380382953422,0
241,M3,66.35321922371115,0.652410198246805,4890,19.469504939900244,15,0.5402715491123047,0
242,M4,71.53546177290129,0.53207864654477,7948,19.95351336416606,1,0.4097640081943004,0
243,M1,92.88548387279609,0.6848220991594323,4700,18.856613015700702,7,0.6184003124017592,1
244,M3,37.04122958334908,0.5566265989237265,5190,38.00649372420119,12,0.2733093450336624,0
245,M2,100.95691572712713,0.3622389557253976,8557,27.344767833617347,10,0.4983462478828613,0
246,M1,66.93775576602884,0.4298601926224704,1371,16.875446651680086,5,0.2806273605820212,0
247,M1,60.563366045667294,0.6333743631141849,7284,27.62849710116518,12,0.4797779047089588,0
248,M1,50.62315744514059,0.5163054173607811,4552,32.12964757418001,18,0.2459241363607043,0
249,M3,37.71282337603712,0.3788835600694064,1362,25.658260219570945,10,0.1504296668235318,0
250,M2,85.32535336058302,0.4171730780396553,5630,33.25061856891123,6,0.4002588495502471,0
251,M1,71.83083907161456,0.4974971601844402,833,12.294519522085237,12,0.4248386909876852,0
252,M4,44.85360588069871,0.6779208956933424,6353,9.644745064234348,7,0.5292353197836851,0
253,M1,44.98053833080319,0.4355386897867423,4950,23.945248636673725,18,0.1402364023364938,0
254,M1,63.20931639507021,0.5397343726388708,6360,26.680560118119413,2,0.3614801235322533,0
255,M3,102.52286293164173,0.607314432481665,4873,11.36682664794588,10,0.7611352539183637,1
256,M3,64.30605679286386,0.4841437598234243,4314,19.62926416622441,15,0.3500558877330479,0
257,M2,38.92989107918192,0.5184330898689308,5434,18.24933361150685,12,0.2754338703428273,0
258,M4,65.03407805316613,0.5383457966831504,2889,18.21748157793372,17,0.2404658005128833,0
259,M3,64.2986432084779,0.556748618043033,8204,18.96015358699288,4,0.4120000089590093,0
260,M1,18.20730356193728,0.4393114939359056,9973,26.880557469403158,7,0.1042511853331545,0
261,M2,69.80877981208188,0.6646813568790426,4559,19.070025218688876,9,0.4986846118055457,0
262,M1,66.35085746271554,0.6866116734406401,9138,22.713966310128825,19,0.5212980823945094,0
263,M1,84.3954797870961,0.8485398997280381,3046,19.138242033187847,23,0.8465359466278571,1
264,M3,106.61180425223836,0.6623630014468623,3377,31.391486857164363,7,0.6884954049759597,1
265,M2,92.25591063213707,0.5679653758015231,3680,30.48212237519246,23,0.561114245726068,0
266,M4,64.43835688908676,0.5019458429688272,4120,13.556275693621446,2,0.3671349353558001,0
267,M4,48.05771509786773,0.4545525323387152,7479,22.39658787296105,6,0.230200717222791,0
268,M3,121.85636587522066,0.519244619265842,6743,25.92149627687737,18,0.7567053444662819,1
269,M3,71.18507730797029,0.4502720906271457,5263,30.099608637418065,6,0.3711904100548491,0
270,M2,69.98798736091578,0.578842937991391,9407,27.875429213841347,13,0.4285593778520833,0
271,M4,68.92338262731194,0.6317957989075947,5643,23.048140950427573,19,0.5597195837273078,0
272,M4,72.56904645757385,0.4479168367128462,4638,15.46294217021733,2,0.304194405796136,0
273,M4,68.3961709265678,0.647813683851954,7485,29.999599586750545,12,0.5298551560667487,0
274,M1,60.732289430660686,0.5767787585778824,4398,27.461725479561288,15,0.4903857534103646,0
275,M4,60.2621579561204,0.4023343138077779,9111,26.78686633157345,14,0.3273531274386126,0
276,M1,68.08586896974928,0.2259813617648872,3315,23.0833144099582,6,0.1864302138272498,0
277,M2,59.9185211469656,0.4178824829040173,684,18.21580374400701,18,0.2394305865480878,0
278,M1,56.766860648077525,0.6364158596695048,6936,29.83113543934536,5,0.4841491238128659,0
279,M2,71.72516685521657,0.4652981774028926,2209,27.69605484077548,18,0.3850756246455442,0
280,M4,65.38938289122191,0.435223034107564,877,25.854620112274127,3,0.2337691774606352,0
281,M4,99.62355673913116,0.4231382481563303,9239,26.39016247201774,3,0.5321827650959925,0
282,M2,18.509532826953503,0.5969098745596525,7503,16.706679185730856,22,0.2161453614597559,0
283,M3,92.19550796066456,0.5605524408532323,6470,22.260896717865613,22,0.59080758108272,0
284,M2,94.00454835858152,0.5628284446723999,9385,24.326664382406676,10,0.523793972345126,0
285,M3,29.202003449846348,0.4145555125635176,6361,14.1987958197837,19,0.125197768377511,0
286,M1,64.20502879188328,0.571245139653353,4228,25.304903069236573,3,0.3062932289131231,0
287,M1,62.769314331220045,0.3780414889131694,8062,29.293000220229768,12,0.2636439343420425,0
288,M1,42.32920779738684,0.5945347244289036,9529,26.16140132062779,16,0.4580397171545836,0
289,M4,54.3739128189537,0.4569222035575391,3373,21.30890048626826,17,0.2652805786773818,0
290,M1,46.6542026375372,0.78372280951439,1578,25.923465083245997,7,0.4113069340299565,0
291,M3,104.89367511005196,0.6968918669431764,1550,24.67216040473009,13,0.7866253289712584,1
292,M1,89.23660749591278,0.6299792949868591,8795,23.87795923970169,2,0.6353922983207201,1
293,M2,95.30307503189994,0.4965973118102711,1840,19.206087340113545,4,0.480794206672946,0
294,M2,85.23420670760429,0.5018933358085456,6951,27.453023793216417,10,0.5306787916421224,0
295,M4,47.02678301445784,0.5138826581792013,5365,21.30584917662378,7,0.2650948532591629,0
296,M2,59.183003846953696,0.4097549289428433,5843,26.037990189958567,17,0.2441585637054491,0
297,M3,80.61861122255227,0.6228892656043808,624,26.12427608202897,20,0.4699253002468804,0
298,M1,45.77929633896414,0.3766616350546871,8255,24.930229107277693,6,0.1473855140911673,0
299,M4,83.84824702229217,0.599854111617286,2569,22.72433331235688,19,0.6166822798540915,0
300,M1,66.22729741284593,0.3952983004017045,4784,13.071389397806849,5,0.3003953964019021,0
301,M1,61.81484813105752,0.5271166899310646,3862,27.24239711534032,10,0.371459429359075,0
302,M3,83.49225040505247,0.5429763788305559,4793,25.32875456785244,9,0.5112839995310493,0
303,M2,76.05581741865673,0.4140300932225664,6035,21.788048591732764,13,0.4168965015021229,0
304,M2,62.22670813504096,0.5813275603505562,9256,26.17762196871916,19,0.4327179479968329,0
305,M1,94.49531274620723,0.4641686105274905,9312,18.20018604263527,21,0.4830030293580183,0
306,M4,46.30644076182961,0.6378020177399126,4660,31.069561399021104,6,0.3817444486780313,0
307,M2,81.36679199865605,0.4260204378704203,3322,22.74272196002976,4,0.3246197883186849,0
308,M4,82.30109371525785,0.5173519226353551,5464,20.130426655456677,3,0.4745279821071127,0
309,M2,61.56420443982746,0.6420746556992237,4457,22.26247421944254,3,0.6173303177665679,0
310,M4,76.0119618313326,0.3584357885122103,4057,23.7848756297304,4,0.3227134110884745,0
311,M3,46.11859168790468,0.5203318861014694,9472,27.60025834421214,5,0.1899493608376764,0
312,M4,90.523566185987,0.5596652546220194,2548,25.877932477117444,8,0.5561900080964001,0
313,M3,66.59220383680726,0.6052658671715128,4944,25.043134780758,16,0.3853197239002248,0
314,M3,58.61907257137809,0.5599932508517174,1751,27.222219872025423,22,0.3599988167729141,0
315,M4,90.0200557780895,0.5866054948736887,2797,22.40456009141439,3,0.5666858845992044,0
316,M3,56.05803415847572,0.610408327668085,9902,20.645605270516707,12,0.3951220177602162,0
317,M1,42.111737393893904,0.5498130434751511,2466,20.912852031808367,8,0.3539010316521897,0
318,M3,40.725345289580176,0.5563294031984776,6731,29.77871633566605,13,0.2771175189138762,0
319,M2,83.09100387944999,0.4140242894700426,4454,31.47725617486667,4,0.4381026051705022,0
320,M4,44.47551943796283,0.5530117527263999,8140,24.317387514031896,14,0.3392730171480164,0
321,M1,104.76067638642787,0.7219966752956741,3545,29.73148952652436,14,0.8674960476592656,1
322,M4,31.37612355162777,0.43546993083512,4571,16.7931842825386,13,0.141748808232672,0
323,M2,104.55572216579668,0.4305139357593194,5525,22.0623717758547,6,0.4928743315379649,0
324,M2,73.55159763047482,0.5357896176554054,7559,22.5066079940317,17,0.5555537747358035,0
325,M2,67.84111483900067,0.5451278748027186,1184,33.58578737526423,4,0.3543062866270816,0
326,M3,58.22416352381791,0.2495111862933289,3217,29.92213893291392,8,0.1309744143635305,0
327,M3,75.57817276119103,0.533386296504103,2469,25.941116590580897,17,0.5241531352421316,0
328,M4,69.55995694271036,0.3746993856050536,7913,31.22903029085824,3,0.3399901529770412,0
329,M4,93.84849185688772,0.4619789801277009,8830,30.70548101642156,17,0.5269783596315983,0
330,M1,70.65399577099349,0.4378174427090615,2280,32.31120089443201,9,0.4357415995691683,0
331,M1,73.06129782511657,0.4916300110224901,2512,29.110238933022643,2,0.4273529494638074,0
332,M4,62.02085097658529,0.625919532980558,8054,22.084515843064512,13,0.4423182849142521,0
333,M3,69.38259005114851,0.447015782956024,9424,20.59876688026123,20,0.347508273717554,0
334,M2,75.98370522111661,0.4924346490222762,3715,17.306249725345726,2,0.4826864295283905,0
335,M4,34.436577492449885,0.4853584980700486,5712,26.629518750615333,20,0.1837879738508252,0
336,M1,42.055187843936,0.5807758368824957,5006,24.828298077470222,11,0.3294238307779619,0
337,M3,84.0349813484701,0.6593672465305911,2872,22.491380655245507,22,0.5466526733441864,0
338,M4,74.76162697054605,0.4459921807225607,7290,23.0426253913081,15,0.320724045174636,0
339,M4,67.61359254987657,0.6238781179761456,1340,34.72072118794612,11,0.4938748736034926,0
340,M3,70.05733077419517,0.4916569829065725,2354,28.728428967556965,23,0.3257992425319402,0
341,M4,78.17943754068476,0.5740867264191114,5597,38.83256227673144,3,0.5439236135237473,0
342,M3,59.0316225544166,0.5329580722948242,9041,29.15556749744169,3,0.3844815040031288,0
343,M2,54.107242733503554,0.7667653828510905,1852,24.890920756124014,12,0.5337939050379725,0
344,M3,73.9740229425048,0.3958744504220023,4799,24.43378355782423,5,0.3903784029123456,0
345,M3,50.71736972632299,0.5134655960452272,5851,17.882232350138935,20,0.2404622888659337,0
346,M3,77.60961032142443,0.4925184656268379,3584,18.64147111146879,7,0.4276075131785703,0
347,M4,35.97019365742541,0.4551075506539048,6955,23.2135128429873,7,0.1813807731419248,0
348,M4,91.3704352521594,0.5523493935095193,6972,22.838138798120845,13,0.6138839661486506,0
349,M3,79.58148928746691,0.3460526401845506,5250,20.424067169301644,9,0.294647420686568,0
350,M4,75.16337758840183,0.3924552847601313,1715,30.66083536221176,21,0.3070061309611214,0
351,M1,90.14799989319108,0.3724845885057323,3496,19.384752332198776,13,0.3943833558468697,0
352,M1,103.97619495011014,0.5598978719415251,8582,33.6500508691106,12,0.7308489612892248,1
353,M4,90.22478548174968,0.5757948146356457,4115,18.902220529434416,13,0.7350119386714999,1
354,M4,32.70833431628895,0.4533648909286694,2150,33.80222603737312,10,0.1719451563648475,0
355,M3,44.59766396876021,0.4575030703679503,8910,24.91727949472113,1,0.2424107524104831,0
356,M2,55.90966471626312,0.5145667699196602,5959,32.798995339319006,8,0.3387404224298845,0
357,M4,70.31149900871281,0.7143421244948942,4978,21.73981560173624,22,0.5365478086271874,0
358,M1,77.8816205010682,0.3764668769052717,7779,31.858248184281862,16,0.3758558309858869,0
359,M3,53.80933195349419,0.4726503555861199,1912,22.8754190475626,13,0.3145607111498291,0
360,M4,71.90914944012485,0.561794958413088,1889,31.352157882147807,3,0.5162415777524302,0
361,M1,55.9396930953866,0.5577766553740903,10630,29.5928905432936,3,0.3840822286412658,0
362,M1,57.78362575613036,0.5483899346496879,5183,24.373241735813192,5,0.3392488256300408,0
363,M2,40.60472903981922,0.6365218699101913,8760,29.092898651933723,11,0.3708882838990417,0
364,M3,52.02640112122727,0.2710621706117895,3799,21.02045711475717,7,0.0443078776819267,0
365,M3,43.95496236703984,0.6162490613336895,2255,32.12379112772847,21,0.3182109945883304,0
366,M2,50.99102049660072,0.4206482498135991,6621,21.88424000691925,10,0.2101328003539092,0
367,M2,90.8841258036642,0.4195937195014147,8437,23.28125854309031,10,0.3556185720564472,0
368,M3,51.24450884178051,0.5333818338945598,6604,26.00976443875472,20,0.3527795980144954,0
369,M3,123.54913782989055,0.6428328833333412,4501,29.6626956765735,2,0.8968269573517537,1
370,M4,79.39711217995513,0.5510465021258655,4681,35.19615322099274,3,0.4426773712122713,0
371,M4,73.72658939715531,0.6236087061196821,4119,23.438606177016485,8,0.5218934442787935,0
372,M2,52.5756513517693,0.5491854885977276,1742,29.25629978307027,11,0.4972744535655194,0
373,M4,82.39278173552735,0.6317732368732474,4544,36.115890662737286,13,0.6544033962361764,1
374,M1,59.40381165588883,0.7070946907414636,2937,26.08161815530134,7,0.5391109507312977,0
375,M4,74.49746815790124,0.5070392351307114,1524,19.087936146050698,13,0.4739486603586945,0
376,M4,120.32789614413473,0.5450780036466086,9902,15.287088268889583,2,0.7182143742439329,1
377,M1,69.0414822403933,0.3593111158109558,5989,32.6253697964381,6,0.2367230444656433,0
378,M2,92.14347274595193,0.5345897753795739,7005,21.96102216443681,9,0.5073065526532404,0
379,M1,56.06925931255932,0.3810787743514487,3504,19.040247242944385,20,0.2144914946190453,0
380,M4,70.80824246385053,0.7668889425292436,1900,19.435293452334744,2,0.6754464858214984,1
381,M2,104.8955737273181,0.4903918311268079,5735,18.73034454892968,18,0.5847215042296762,0
382,M4,57.44597242985277,0.6006229958810629,7192,30.048642236651705,16,0.3436751172103581,0
383,M1,104.4474681634305,0.694451034494713,4536,30.41166777407552,12,0.6786545839168353,1
384,M1,83.49083436516327,0.581276766589873,9142,26.7025045486643,7,0.4950209163653538,0
385,M4,56.84439216011394,0.6935310379484865,2077,24.972058875432232,7,0.5419057693187208,0
386,M3,83.07733290098543,0.5537852636296451,7502,20.50209549909115,17,0.4001925566707957,0
387,M3,90.28272655148618,0.5496346476071234,2905,21.64990788437193,13,0.5162894274481191,0
388,M1,82.21456435777311,0.3803556557540643,5266,20.56455866939573,11,0.3826439534298305,0
389,M1,38.88139256944766,0.3660340835303506,7039,30.409098115446884,6,0.0984386121273884,0
390,M3,55.13152602825218,0.4769067002242215,7897,20.553311714047634,23,0.244397638351216,0
391,M3,65.79017265484434,0.537594028076162,3677,17.58739171096139,14,0.3526652164242451,0
392,M4,68.64079335312427,0.400806533057891,3751,24.62375921723877,6,0.3319544600206433,0
393,M4,80.42777859521001,0.3760812876896307,4181,15.41477637117112,6,0.3802458688995723,0
394,M3,74.49400083675789,0.3423027613223242,5770,28.85446237421256,2,0.2778719970027554,0
395,M4,42.90357003121483,0.51841662340994,7872,25.262774410050667,22,0.2403677556849413,0
396,M4,76.33357754891087,0.3826560900908957,3036,29.72616913486336,20,0.2935861466808375,0
397,M2,81.77278093333246,0.5830708525742009,1443,22.03369613371362,15,0.5306147709616719,0
398,M4,79.29373931007436,0.466522538617568,965,18.68560421437254,17,0.4450556125772211,0
399,M1,90.3657251998534,0.441091997204472,9689,19.69378712460396,8,0.3878384153545102,0
400,M4,86.82139270109347,0.4154761892028616,5063,21.235665095325345,5,0.4492796868412689,0
401,M4,79.4103132709093,0.4899013966836297,1307,24.384693130931463,17,0.3525481921282729,0
402,M3,68.90312460508224,0.5688586152144363,7211,18.541562276414982,20,0.4178265542106009,0
403,M1,36.78399119744367,0.6980616597959008,5367,21.724411414825973,1,0.3801002348547014,0
404,M4,77.89949925917969,0.2902610883892796,2034,23.23672861855984,22,0.2495206292389131,0
405,M4,74.09929460380167,0.5043698980102814,8945,28.68858168524197,18,0.4402037440221825,0
406,M2,74.99436929695959,0.4867388483073881,8314,22.89542319046504,15,0.4130610857972552,0
407,M4,42.83924688551863,0.5433141196149709,6353,15.335882226041845,5,0.3230596678726999,0
408,M4,47.60645420082417,0.5325825854985239,1081,24.69691187642025,7,0.2709471840531538,0
409,M2,91.9525982978271,0.5037575396296785,6532,23.14696113334841,18,0.4447976904478292,0
410,M3,70.79719107492184,0.4032529140749395,5970,23.389900227946285,6,0.3525393286901669,0
411,M4,84.28128899157117,0.3875368289090966,10074,18.97432302004235,22,0.3963671054694018,0
412,M2,72.11006528360164,0.569313447924547,4763,19.35623521537249,21,0.5265139600851393,0
413,M1,70.68051140004987,0.4974102517603918,2376,23.783131630720924,5,0.3796967312798249,0
414,M3,90.5080522042225,0.6833427551263571,7306,21.87359812568488,19,0.7675079113188014,1
415,M1,61.73359387598111,0.5325496478405732,9164,23.062864873434755,10,0.3329206004449312,0
416,M1,70.18894604078348,0.4308454784550224,6329,28.81508687314456,15,0.3374255673110332,0
417,M2,60.97598753303198,0.3637727245746824,2864,18.14420915701626,10,0.1781857608113229,0
418,M4,61.396505640441234,0.3396084346500055,6075,26.943105899072613,16,0.1766787753183815,0
419,M2,63.39245371504312,0.3538566087597415,1955,16.063136851661294,12,0.176672276378775,0
420,M2,74.93459097082565,0.5618783181740279,7178,26.63732250755252,18,0.4541386444580391,0
421,M2,60.466152635372325,0.5447563332163561,8509,18.965447560348515,23,0.3986778395816606,0
422,M2,94.37967359107836,0.4241993496005365,4175,32.39677765248647,1,0.3913696816080591,0
423,M3,52.08124885057295,0.7165848237435511,8491,20.064042025379063,16,0.4023993158304983,0
424,M4,67.4671616961412,0.4870054435700095,4907,27.13661727786723,22,0.318554284809821,0
425,M1,61.387916931399175,0.526078859384008,3036,29.937065333271505,6,0.3527515226116866,0
426,M1,99.5665124353308,0.6924511782914046,5867,16.614600325463545,3,0.7785979259962044,1
427,M4,73.6540424299524,0.534632277292371,6794,18.953382493753885,2,0.5270068308729902,0
428,M1,91.08895479952432,0.4821522085826875,3360,15.9448416550655,2,0.4779287064961406,0
429,M4,39.07957800877738,0.3743145471110408,6972,20.74940151780249,13,0.1372933130067084,0
430,M1,74.84128481796539,0.310317305729086,2462,28.301049190737864,9,0.2228518045602341,0
431,M2,87.6899473039028,0.3917667026769006,4806,22.06167542936634,16,0.4179502001175448,0
432,M1,70.36934386488194,0.4616481038492858,8547,24.04174284287767,5,0.3805855862397687,0
433,M4,90.47939078241475,0.3076835020087289,4830,14.164118037482778,23,0.4085353242886908,0
434,M4,59.967342766566446,0.4282120187933861,3024,32.1114740506531,21,0.3239516132189673,0
435,M4,98.31678071999964,0.5254288784426792,4119,35.528017351130835,7,0.5775517201945286,0
436,M4,116.78432789704271,0.4340720979032706,7205,23.947312620951173,13,0.660200583811123,1
437,M4,62.14271777302165,0.4881884411069328,8059,17.9845470827161,20,0.2859545026464387,0
438,M3,61.147551797989806,0.4691710127760072,5600,30.066193298169164,13,0.3638114691028088,0
439,M3,98.39582213147018,0.5668567900212295,4513,29.35268618152659,7,0.6232295184492044,1
440,M1,102.29757146372356,0.3528663108071274,3446,23.38376727414142,10,0.4600247383176377,0
441,M4,60.73354557295988,0.6603667267263034,1079,23.332540404325805,15,0.4988150855908408,0
442,M1,62.079588485335655,0.4134018203168168,3264,31.638381494612748,21,0.336373921320611,0
443,M4,65.42550209906643,0.4792258135130068,2992,15.181646705425097,6,0.3475445118434991,0
444,M4,43.14348964220232,0.5285107780612689,1885,30.13760077300533,5,0.3176106877525366,0
445,M3,52.432554905311214,0.5674832418917992,9343,21.137263819510963,23,0.3201034730382336,0
446,M3,49.9926024075711,0.6184267866140347,7596,19.072314515179634,2,0.4006356447183663,0
447,M2,53.61912063133166,0.4670836137894083,7645,23.89820551452,21,0.3397932483804263,0
448,M3,69.55302364096298,0.4285972257049122,2329,19.82651774792951,15,0.3097759672921243,0
449,M2,73.6889979569399,0.4975344603844684,1504,18.686130023110422,16,0.437715626491006,0
450,M2,103.34913880785044,0.4331402389613609,7457,33.45189887700692,19,0.4813507513723881,0
451,M2,49.69883102644884,0.5744321779603493,6188,27.80507750919398,9,0.2972365784937487,0
452,M2,90.33148582498066,0.4245947436100132,4484,31.25871772741135,22,0.5098098799282541,0
453,M2,65.70780989596422,0.5205234629918201,6072,28.326316959436436,19,0.3491634261001415,0
454,M1,67.77711238291543,0.4459814453932214,2222,25.86476972589588,7,0.3599586561344337,0
455,M3,81.59786681326752,0.2991692568142701,8601,25.012109848030452,4,0.3052052677664368,0
456,M2,48.29457352382816,0.4467402206789517,8774,23.21301625046477,3,0.2135933895099327,0
457,M4,79.19753585045208,0.6001147982918851,5156,22.993177259424048,20,0.4502523995244447,0
458,M3,72.59424045705076,0.4657931528481958,272,14.334765718081304,11,0.3995278757549128,0
459,M3,78.19233276060339,0.4389699720395693,5417,35.67036077490506,1,0.3546221884837037,0
460,M2,75.45821014573472,0.5679955636779892,1868,17.390179069079206,6,0.5666711102565053,0
461,M1,118.16888575297916,0.3513528359365132,2839,17.748308636784905,11,0.5855685855977638,0
462,M2,56.59488463511158,0.5983688924736315,5542,35.520291463569855,1,0.4530745882977408,0
463,M1,59.99043459968893,0.5438059107366546,9012,22.988582970163723,21,0.3912797951507239,0
464,M4,57.486726424101874,0.293761353092157,3407,24.900149126825585,7,0.2497417392169877,0
465,M3,58.06095005791289,0.735510903729726,8481,25.22271565658705,6,0.5796170246573183,0
466,M4,57.84075824013084,0.2736806106028094,4492,17.195942843112167,14,0.1905072192466365,0
467,M1,94.44720296722684,0.5846185455553351,9629,14.86832271538977,2,0.6517295026345087,1
468,M1,98.07302747375248,0.6664390043845632,5981,23.552374055881494,4,0.6884665823473614,1
469,M4,58.72299064592854,0.5433971774267694,4920,21.84763737408721,11,0.2509395685477996,0
470,M1,53.8733904209924,0.6210940368220039,3871,22.971258975785748,15,0.4756007900648539,0
471,M4,79.85441425871147,0.4033478943592503,2031,27.749534884908805,18,0.4133131573689186,0
472,M3,58.9961532013461,0.5933967742163836,9955,30.18588653530816,1,0.3813558391735613,0
473,M4,84.09122247333552,0.5692900113831352,3598,30.07890362748777,3,0.4971962187824879,0
474,M3,74.64114123004119,0.4621195113740214,5165,18.65138034443031,3,0.3956215619639332,0
475,M4,39.23443868355763,0.5502939544055179,8650,24.70311986035488,7,0.3310168805043502,0
476,M1,100.50543495890231,0.5434792638722498,9803,18.14209050308195,1,0.6830074355909401,1
477,M4,105.35946711177375,0.3079174758894502,7090,17.90724377473848,11,0.4434242262196083,0
478,M1,58.37634713754009,0.6462374314078968,4601,16.561491794037746,6,0.4829800007645012,0
479,M4,61.623221241278415,0.3054500720595939,8203,33.728269455432695,20,0.2055952472780608,0
480,M4,75.29240872529529,0.5812756066560537,8491,26.16339061504642,3,0.5626037577244527,0
481,M2,77.74715818785631,0.6447344646532872,5135,24.440123700541637,19,0.5756375902412312,0
482,M1,83.362517415524,0.3167826499255365,5378,26.4033347761901,2,0.3653649849490545,0
483,M2,111.40262340244816,0.4401217852088625,3040,22.078556386824022,18,0.5892251987647235,0
484,M1,67.25911532347135,0.3056324821964513,7787,30.671532858047232,12,0.2717522976348703,0
485,M2,52.85738328016086,0.4839285206387715,7129,22.857790101800312,10,0.2784845475394545,0
486,M3,42.31148238146876,0.3722263011743321,3616,32.37462882763059,5,0.2011877038086353,0
487,M4,56.37134824113016,0.6224665595682555,736,19.595339676824533,9,0.3853993406792238,0
488,M1,68.11528447737304,0.5652990048223605,7387,22.718579259438183,2,0.5647061490049136,0
489,M1,106.31086809071444,0.5509394528109228,2143,25.92422239838658,2,0.7805455295082037,1
490,M4,59.60853754557783,0.4256025325470888,5797,25.260103092152413,6,0.2765524721791731,0
491,M1,72.72097029065559,0.5646331772093998,8384,28.10235234376237,10,0.4033545527521152,0
492,M1,69.79120138306389,0.3672158034489837,6997,27.39277759622832,18,0.2384646594513848,0
493,M2,92.93039745283514,0.3232972880776828,5092,21.51736260713908,12,0.4450014867996478,0
494,M1,119.37099673535602,0.5293288999275187,5484,27.66079751306205,4,0.8284572124342318,1
495,M3,59.39176521741622,0.6417782636925378,3410,21.82220442766177,22,0.5356228299067444,0
496,M3,58.28035821038255,0.4884827709005508,2671,41.92617817294546,21,0.2166089354070759,0
497,M4,90.20892724879656,0.3938058666862671,1814,19.56254630832252,17,0.4292638952921613,0
498,M1,86.18900404502888,0.4508151621189475,4687,24.023305733014634,15,0.4646768873518262,0
499,M4,107.58436890812764,0.6043875852259698,8239,26.08555963851169,6,0.6605283716483468,1
500,M3,80.79713880035192,0.4287850082709541,8130,19.6050636595494,16,0.3826174848124908,0
501,M1,64.2183241243592,0.595056105811346,1680,31.973310471423652,17,0.3917467897853818,0
502,M1,80.82105305306905,0.4162610882841101,3788,25.77981211955892,3,0.4114099834646292,0
503,M4,91.62037645852268,0.4934729805257195,7238,24.82568539899104,10,0.526747271747665,0
504,M3,85.260792214018,0.6204100179097822,6362,21.435165170594416,5,0.554481751466965,0
505,M1,80.40156050081197,0.4934001831443037,5436,21.04173537475424,14,0.4492237701455242,0
506,M4,92.7021234138802,0.5125140708236663,3992,20.38235326918784,21,0.4685660920262413,0
507,M3,92.3869055763536,0.5084023846291434,7438,24.074339271641705,13,0.5268803093856312,0
508,M4,95.58273678334146,0.4391822501585205,6440,23.56380825551413,6,0.5495245115735835,0
509,M2,84.06516442631228,0.462183036394486,6583,24.56717843721062,12,0.4294165950591467,0
510,M1,68.21143889475059,0.5231895933470414,2535,20.89357992814041,8,0.3293520841326544,0
511,M2,70.93919326225172,0.6933355266098159,6675,30.088254001769,5,0.6297435695695693,1
512,M3,94.5902336716136,0.5540792998730825,2156,27.71139596397656,15,0.5958307983878576,0
513,M2,53.88779193237057,0.375866248748509,4359,23.192634712462777,16,0.2574105765459014,0
514,M2,76.58599087257028,0.4798958663805877,3423,20.571677278304204,1,0.5116294149747501,0
515,M3,60.73886808678356,0.3874527715430432,10297,25.37027921845997,16,0.321968558670817,0
516,M4,71.5666468041429,0.5917903534203366,5738,35.52222084316848,5,0.550435430448542,0
517,M2,95.74810778360316,0.518108325535137,2830,33.62792505492891,3,0.5924989780440835,0
518,M4,74.07640781782479,0.4154992155448759,7309,16.70928233526425,20,0.4028388821908831,0
519,M2,70.30696161028978,0.5958973322658285,4685,30.160600274277066,15,0.4533645831202876,0
520,M4,42.00096797595166,0.2797239309321229,4621,24.765473163040472,13,0.0892659136421919,0
521,M3,82.47009777927047,0.318795301005669,9179,28.161237806375315,16,0.375698848556059,0
522,M2,82.68165559303662,0.3850192870543919,9396,27.602482989181016,23,0.3611397097554416,0
523,M3,114.70392084556345,0.5629895654760321,6193,27.011209954581364,11,0.6739090801345242,1
524,M2,62.95418088089133,0.7759942309391675,5048,27.890037765701443,21,0.5974367170641671,0
525,M3,72.86059185901203,0.752257267344422,3260,32.05510585150765,2,0.7345871766803603,1
526,M3,75.42333824067211,0.6427965960802567,7126,30.78071050328307,22,0.5108797902337435,0
527,M2,102.16914559371584,0.4894816149081176,9350,14.790768847834348,6,0.6421668605573081,1
528,M2,67.50818339157978,0.4278811896177761,2444,22.90547064713914,6,0.18710771712184,0
529,M2,75.23166605070715,0.3526583974988234,2730,13.901233715963455,14,0.3426522624295672,0
530,M1,82.42183331154955,0.3960296621147921,6721,24.633943300254533,11,0.3837244410308611,0
531,M4,73.57663299449783,0.4659478661538271,1428,15.85762630203674,8,0.3196596422963035,0
532,M1,62.07145704474342,0.4029247673567239,6347,28.05662219612568,8,0.3261421268243882,0
533,M1,76.31904243389037,0.4064384376340205,8300,25.147844388122127,1,0.3745832555714408,0
534,M3,89.76347144200498,0.2477738924979395,10871,21.470528381660795,21,0.345668907257807,0
535,M2,50.69944914233678,0.5592799752492668,1823,22.52787693020403,7,0.3501494230310965,0
536,M4,72.76465318396085,0.4638048402596531,5015,27.1704600242407,6,0.3007556584322428,0
537,M3,57.385784640070696,0.5247659397255056,3579,19.653237735945343,21,0.3285733069717345,0
538,M1,94.62528708976252,0.6842550697632965,6412,20.685075440764223,8,0.8243612163172035,1
539,M2,39.59741836426021,0.2638453224824476,7326,20.77006007214744,19,0.1287243198345922,0
540,M3,59.58158599700926,0.2703090079672959,4217,23.67271528625281,22,0.0978106690785042,0
541,M2,77.15008173010561,0.5109003482608979,3258,20.513810326960023,21,0.3945037179642524,0
542,M3,100.53617916258196,0.5250949751093464,8612,20.436578574027624,20,0.7275030024808752,1
543,M2,69.4958578941386,0.6924861274359333,3847,28.110307048776583,8,0.6503588666438889,1
544,M1,58.05168101734653,0.3866954500713606,4811,34.15097497056348,14,0.2099271226836618,0
545,M4,108.26551398045338,0.5979000101888369,7991,30.031077384576932,18,0.6948196466982397,1
546,M1,41.07046957476262,0.4172305314097209,3279,27.499623051909573,16,0.1696286109152016,0
547,M4,23.69443921647579,0.4456371465153466,2768,25.38683319412027,9,0.1358646712513296,0
548,M2,78.22590655060371,0.7416094697782855,4093,24.9961687138284,15,0.8353476495340718,1
549,M3,60.2937537079724,0.4139248197993538,6371,18.458918466166143,10,0.1853634752336933,0
550,M1,49.16934299347725,0.5775662382580908,7834,22.640998406820177,22,0.3129234665000875,0
551,M4,81.62039683422488,0.5457020520679227,7909,23.67102847927764,16,0.5345239537346412,0
552,M1,76.19676440325014,0.6595674588533491,5052,22.90412538357667,4,0.5510999669778713,0
553,M4,58.88780243653704,0.3913637550044816,6504,23.44740803337899,20,0.3435952115138079,0
554,M1,44.83765131785192,0.5703877642550865,3331,25.692792345768755,13,0.2818723889397838,0
555,M4,86.97587041342464,0.4048968351171285,3593,19.94520180590913,22,0.4455438016071148,0
556,M4,83.53551324731988,0.6152639188443038,3507,21.46784973293025,5,0.4962273067121931,0
557,M2,69.85130286899904,0.4124685368535977,2952,20.01977997630964,22,0.3357120118376642,0
558,M4,106.19766693732596,0.5195190807239228,9670,5.670480670495755,7,0.6871064935040362,1
559,M2,50.26531737883402,0.4911601529021955,6949,18.11863946279697,23,0.2263616134865304,0
560,M4,39.88806064739723,0.5706577461292704,6764,28.052704555763068,9,0.2746342570645603,0
561,M3,55.29240585433825,0.4747571146931429,7323,28.365156915210637,8,0.3227790138507301,0
562,M3,71.30067031048105,0.6311752267983683,8775,14.035060228285666,16,0.5260920207111556,0
563,M3,75.25842922634277,0.5196296184075757,1769,21.509176599355527,6,0.394064236325189,0
564,M4,65.85175751164644,0.3423524859822136,7027,25.653514118798785,16,0.2015752433044049,0
565,M2,76.77175582555917,0.6059644041934794,2226,32.46404563140218,6,0.5825562438711364,0
566,M2,44.17288487086161,0.4346873211180226,1933,22.35411131167008,14,0.1396672908606279,0
567,M4,99.04310532614096,0.5049418863859427,5970,25.60662496756776,21,0.4976779973662064,0
568,M3,69.93844015563195,0.3791594466347094,9710,27.82719581145052,1,0.3359075739883951,0
569,M3,92.03625681957686,0.5954408075399915,6841,28.44219242681036,9,0.7127396909817832,1
570,M2,76.82775568197995,0.2877953602201594,3354,28.992587942346763,13,0.2344448904450501,0
571,M3,80.59139285505526,0.7609636513325978,7037,22.57845394490491,19,0.9406576687030196,1
572,M1,81.09501875883984,0.5154354941952421,8133,32.00113315699495,17,0.6039130549577603,0
573,M2,79.46444751151542,0.5769800402070139,5918,22.070910971007244,11,0.461743088013941,0
574,M3,83.73180570409058,0.3830711866370588,8422,31.56628276536458,8,0.4775711111524616,0
575,M2,96.38626965377163,0.5084362726095489,3716,24.71581971804151,23,0.5808989235713665,0
576,M1,74.24026098722932,0.5900594588258673,2942,23.45227190910403,5,0.4708968412775307,0
577,M2,84.84117792945142,0.5778565480701093,4669,16.493523764305106,10,0.5487329081912453,0
578,M2,67.80437092071135,0.5361979783013973,8030,18.27038992219542,7,0.446802016220883,0
579,M2,99.61810947397946,0.4540860892987769,6025,24.444952427127237,10,0.5794082960428255,0
580,M2,55.925167875359165,0.4974595486266642,1534,32.96528945444822,4,0.2799663954240876,0
581,M1,105.34372107925584,0.4354529497113051,1099,30.24988516086493,9,0.5791738251433629,0
582,M4,67.66979992629268,0.493805801280645,5060,28.65701192601886,14,0.3698627906935759,0
583,M2,40.88103561373799,0.6204228920984444,4797,27.629066267051503,2,0.376679245401116,0
584,M2,71.74658559634557,0.5669073176808429,2229,21.18902134914613,9,0.4612513525582134,0
585,M3,55.9780928942474,0.1739451985746011,7549,27.448246471872626,21,0.0756636724040457,0
586,M2,87.42486361168898,0.6673405331197155,759,16.318882854982654,1,0.5447502211781902,0
587,M3,55.22184616057708,0.5373839511653963,5032,29.433950927294,23,0.3454806490596158,0
588,M4,59.1016604411173,0.4841936781444279,8780,24.543378207581664,10,0.3455768852261931,0
589,M1,31.460106164438105,0.4743616833442016,7076,23.4508192982164,10,0.1480007136738435,0
590,M1,61.41510410860512,0.5736881898023858,1669,26.75746599160561,20,0.4653399191620755,0
591,M4,21.811278414440554,0.5754374212883905,4002,28.510922497745742,22,0.2527237605727382,0
592,M1,37.55688119737461,0.5423082298236149,3150,30.924658328696577,3,0.1328909142342527,0
593,M4,86.3777013550424,0.5023361883903381,3232,22.39410232100995,6,0.5178828269263673,0
594,M4,85.0575932378983,0.3989456915326506,2374,29.156167343999773,6,0.3773465490864185,0
595,M4,78.97160522182642,0.3392329410336187,6301,22.10024780274835,21,0.3072486277328488,0
596,M1,50.297690809881566,0.3853465803997644,6115,26.675640073449628,2,0.2248751623307074,0
597,M3,68.17699652616675,0.6072935967492662,2988,16.283334436179064,18,0.4759337726740146,0
598,M4,69.32288243007389,0.5971361133703191,1585,25.15362983906456,23,0.4873643018241,0
599,M2,47.5667066009627,0.5968599074597257,2680,18.886526640606,2,0.3100119443430601,0
600,M1,100.42899118048577,0.6130384747012999,6457,29.56647475841655,12,0.6668058866975297,1
601,M4,88.51534847528997,0.5966532146635957,6535,28.05078468233952,22,0.5691445902632849,0
602,M4,65.9417026059438,0.389941671835155,2951,22.69575671009244,5,0.2886205680353834,0
603,M2,68.9265473167164,0.5752402944275489,2675,27.302703231779176,20,0.4383416453313813,0
604,M3,76.28207099325984,0.613304527837273,4259,30.5749773167612,7,0.5161525848422188,0
605,M3,29.54047164557265,0.5243759830710146,3856,29.343932411930705,16,0.2664008236899858,0
606,M3,65.57112390397629,0.6029605250361023,2954,22.14563070836904,20,0.5048343346610867,0
607,M4,55.98347736054747,0.4980247798961579,7589,18.08487899723429,1,0.4043188169246912,0
608,M4,51.0807780954024,0.5686259523731725,9827,31.9203377312713,1,0.3344295868096867,0
609,M4,63.28488658168077,0.6402661473038415,1136,15.929144851541563,17,0.4593303633356928,0
610,M1,106.56355961465394,0.5688660140310118,6408,28.332271103457632,1,0.6175924185220948,1
611,M2,80.73722394309316,0.400372609486511,8546,20.72124212513648,21,0.3825613730923964,0
612,M4,59.25362872569424,0.5062667829338134,2882,19.97219616833989,20,0.2988068063349431,0
613,M2,80.37210521548374,0.4748964905706205,6899,30.82005356312402,13,0.3941856036878785,0
614,M2,98.26410325214717,0.3947875960748273,4221,26.92266780182221,9,0.4836548103846638,0
615,M3,89.85001412500155,0.4402498758625632,2932,26.67153037511526,15,0.473773984431142,0
616,M1,72.01532477290392,0.3846137478461956,9837,35.461457843665805,3,0.3328125305785003,0
617,M4,58.285646116006085,0.4517390736258349,7715,25.317355651315328,14,0.2934437028503861,0
618,M3,85.0853147159196,0.2671108155223137,3214,29.8907470362109,23,0.2916896315573029,0
619,M3,77.34542496552511,0.4873379852392327,9616,25.017262718872782,11,0.4709195243339881,0
620,M4,88.5021945743625,0.5441663059878846,5353,26.190252363328597,22,0.5009433958896082,0
621,M2,80.97851913769759,0.4134738053184663,2132,23.10582758528041,12,0.3593467865203823,0
622,M3,90.30411788844243,0.5812594855262123,8156,25.09671744441333,13,0.6036635342589132,0
623,M2,60.68795065707269,0.5662211743567271,7775,19.308668121753044,13,0.445901909868019,0
624,M1,95.9628445102603,0.3084257421039855,2191,16.623490201219298,1,0.3717046908345093,0
625,M2,72.08399020717725,0.4380053166203984,6209,11.970837764926715,10,0.3284970092824004,0
626,M1,113.51891636983666,0.4293888814214404,8829,27.23675071556228,3,0.5761324092931168,0
627,M2,56.77849392137836,0.4449090238045169,1296,36.39357743762955,4,0.2044058740174439,0
628,M3,105.48375428361078,0.6480271340933745,4412,22.97637345878973,16,0.6999636634515309,1
629,M3,72.97774613433106,0.4460467759088994,5347,28.643058675104008,8,0.4023232394785962,0
630,M1,57.2556964982409,0.516607742757128,4015,26.950123301741367,16,0.2930440716634421,0
631,M4,60.579858289802765,0.2456234551746665,6102,17.437143713291082,17,0.1450743890434953,0
632,M1,62.77156897948992,0.6672307371610868,8075,20.34299266993996,19,0.4330330617926484,0
633,M1,78.31349924251518,0.3367589578577363,6156,28.241077137269517,22,0.3254508290220528,0
634,M2,78.95624204792698,0.5405247915144709,3951,22.60940064424581,15,0.4573320504368987,0
635,M2,58.17929038835241,0.4733756768585858,10058,18.44382114229376,16,0.3611120740926618,0
636,M1,70.48675441204017,0.6284613152765252,9456,24.712525405601745,15,0.5727574987389514,0
637,M3,112.09855891324518,0.4464046171957646,3978,28.467739999837164,2,0.5226696753886727,0
638,M2,106.45816123844078,0.1571635768186138,642,21.602060200216066,11,0.3210300896202552,0
639,M4,77.29038188094559,0.6285942628696806,3865,11.504288434348872,1,0.4475964100902533,0
640,M2,70.49989421356841,0.679787338295633,4891,24.4922875186751,15,0.6395874873053607,1
641,M2,71.7441965707511,0.672680262193077,1878,23.57477087915864,19,0.5484825636404549,0
642,M4,82.09017862323546,0.5411131702026427,2334,24.22396893536467,4,0.4801552816310172,0
643,M1,50.91562347817281,0.4736883847166136,4480,32.77080478496419,11,0.2268725188079129,0
644,M4,63.868013755069,0.5094065738065758,6961,24.816823425170583,5,0.4643731135435584,0
645,M1,36.17704799151869,0.3790027403806508,6758,23.83749196719327,3,0.1162955210103242,0
646,M1,78.63896820482873,0.6074346000598071,6277,33.16428488850667,13,0.5062074203943077,0
647,M1,83.03707757397248,0.5333309558281628,4820,21.31186548908265,10,0.5287883515701814,0
648,M4,60.51144570332152,0.6129625948857786,8693,38.719249375585136,11,0.4879914104862737,0
649,M1,100.5144589262011,0.6985948974726502,9221,19.694369023120515,18,1.0,1
650,M3,45.41310326835068,0.5123627496678396,1247,18.390959968982127,2,0.2765610434510323,0
651,M4,41.84408084734312,0.5052556023108234,1598,28.11830114912805,7,0.1662183670879765,0
652,M3,72.87951538811846,0.4333110971844535,6865,30.41384086329866,9,0.425028541239811,0
653,M1,90.24465690154406,0.3589463613608964,9138,25.611476472366977,10,0.3572675298032132,0
654,M2,101.86301219963204,0.4394175938203434,9921,21.522756651045075,18,0.527083463635768,0
655,M1,61.359290439564944,0.4472739818875307,6838,34.72767496828694,23,0.307871785644124,0
656,M3,92.79908721394038,0.4335949330904404,2704,22.530921687945572,7,0.4523266027410614,0
657,M3,69.04642062269382,0.4906840022994728,4297,26.46560740549245,7,0.4054061407805663,0
658,M4,65.54193398666831,0.3976594581589318,1524,35.09410924712688,3,0.2786579205738865,0
659,M2,86.69695229827892,0.6585900779730051,1496,25.239187649810148,12,0.6194741106525276,1
660,M4,82.74940036039565,0.478418515779581,8175,20.93534937707372,7,0.4754484247050314,0
661,M3,38.17128481492349,0.5894494839957539,3799,23.85328472191813,17,0.2114063587491563,0
662,M1,100.44263877303128,0.4821871535008688,2913,30.95492085469393,1,0.5249584419202713,0
663,M2,96.932951048506,0.4867059719344843,7890,29.781215215437943,5,0.5874791142711567,0
664,M1,57.92382430799528,0.6311781240910441,2229,24.492113670316485,16,0.4030031508669569,0
665,M1,77.6106006395003,0.4444817755827387,2359,36.84442728890427,15,0.350264519215647,0
666,M2,79.13584677041494,0.3514795290810913,1492,25.13044529029952,2,0.3687542087089638,0
667,M4,74.88309925313716,0.4179038292714566,3340,31.98200985151373,9,0.3925276484614031,0
668,M1,59.33043530496258,0.3596418925925579,2436,25.642200109673468,7,0.1849843572512936,0
669,M3,57.48246603112067,0.3388938173068403,8010,41.73546066992351,4,0.2492070536869114,0
670,M1,69.2369453930126,0.5569044077441148,7696,31.797407183937437,20,0.3540198708143082,0
671,M2,92.25064225438952,0.6285505271732399,756,23.91832632051521,18,0.6159806988806936,0
672,M2,81.87171789515408,0.5255894905483693,3804,32.320709067470744,21,0.4905813873697903,0
673,M2,61.689543975125765,0.5022236634560913,4522,32.113375321336115,4,0.3763377248250734,0
674,M4,85.69479738064442,0.5551066134988473,7973,33.51791515868703,13,0.603276036309176,0
675,M1,13.004314919694735,0.3880612132615148,8804,11.60971130512447,1,0.0783993424541297,0
676,M4,92.81674391509584,0.4524028024106075,5331,26.06437520722853,3,0.5809329615327393,0
677,M4,34.718748124250006,0.5847338612701307,3455,31.219144336228204,16,0.1840173388682322,0
678,M2,63.371329952352816,0.6052162169015921,3728,28.57953140632483,22,0.3789445832877076,0
679,M2,44.024539499989615,0.4129352464926397,1954,25.254660700310517,4,0.1955508601739242,0
680,M4,45.24284099394893,0.3015182419814799,4963,27.113282413414098,23,0.0278198423944783,0
681,M1,92.30402797317636,0.5118931225312211,4922,35.08160257839791,16,0.5184106173368573,0
682,M3,61.05393288351282,0.6734892114424361,5100,26.121323630915548,19,0.5261928703691229,0
683,M4,77.28510325254925,0.521362651999124,4915,26.50681264481573,1,0.5490509598553315,0
684,M1,70.33656580443714,0.506130852332609,2671,27.917175592375035,5,0.5026038090882621,0
685,M2,79.7385656800005,0.6827427901341162,2273,26.853447644311707,19,0.5978849470936043,0
686,M2,70.70732864057106,0.4099008439443022,4913,28.801032908996014,22,0.4115705014500658,0
687,M1,42.73540052831764,0.5123218936714338,8109,32.10573903214612,11,0.2879806108945011,0
688,M3,89.57653323406983,0.4198496941456756,6884,22.45319369903481,13,0.4468335198891933,0
689,M2,58.16669290789074,0.4453851663134746,9280,19.02130290705362,20,0.3038349593404087,0
690,M2,38.23987632049423,0.577299656091647,2484,26.54021781941917,5,0.2840372169751739,0
691,M2,61.14506616035154,0.5865088222279591,4003,23.7574533629271,21,0.495981634039072,0
692,M1,99.3252798346573,0.5058421455551525,3742,29.35519489709043,4,0.5578893064331979,0
693,M4,87.04620849963477,0.4620388442494186,9107,26.65401724768456,4,0.4534872967583944,0
694,M2,62.79085330092361,0.604989413588181,6769,28.99156725323485,4,0.361400015063631,0
695,M4,62.687159372302645,0.490850205302005,2095,39.70176201999123,4,0.4253984340913309,0
696,M3,61.14314835861504,0.3570779675818871,10586,27.82867695710566,20,0.2297044241627105,0
697,M2,110.24025449053129,0.2919491596801644,4447,30.711545430840367,21,0.444553246081926,0
698,M2,78.28136577648594,0.4321261872742268,10046,22.02194238728136,18,0.387097257910509,0
699,M3,79.40508921676883,0.3110750020141922,4454,14.87246286609673,18,0.3143335522827205,0
700,M2,88.76689236265784,0.5120411192680286,9825,15.07160002678182,16,0.457976311071898,0
701,M4,73.96106499929614,0.5020686846254555,9049,22.447722030181065,9,0.4117729688157701,0
702,M1,65.89112245118507,0.391330323451369,753,11.17130657794221,18,0.2771070491350059,0
703,M4,65.3549642048953,0.6671801515749874,10030,25.43743309690565,22,0.5722207587222636,0
704,M1,68.45648402459362,0.6177527799628748,6052,24.74011984140241,2,0.4234993396470635,0
705,M1,70.69736059881907,0.5282316392902868,7278,15.417096922358128,21,0.4216720659750733,0
706,M4,84.1910135612962,0.562110080930812,4683,27.640125536120504,4,0.5539473108380049,0
707,M4,70.53419830595887,0.464516939774089,7856,22.20883377265621,12,0.2865013725892122,0
708,M4,84.49576485371895,0.5553919796544642,7974,24.338298492224144,7,0.6199858413401872,1
709,M4,70.23907919572818,0.5788011734774882,2319,28.790054478869795,15,0.370118059798877,0
710,M3,72.01890564261129,0.6156936152425331,6060,26.79827893579049,7,0.481418625236055,0
711,M2,30.05506793713761,0.3466033284969836,9935,26.192430663475324,22,0.0760037123499005,0
712,M1,87.80219353836804,0.3112106734061878,1883,24.418424410815785,21,0.3391191297821659,0
713,M4,77.46858644614097,0.5555483241183884,9299,19.39820029676529,17,0.5329695278257061,0
714,M4,90.61990196712384,0.4459627419103971,8019,23.242211355311323,16,0.5642416846678986,0
715,M4,11.001713926650742,0.422818432017793,8069,15.102278407390774,19,0.0,0
716,M3,112.45412228756072,0.3690863417101379,3386,27.693973557828915,9,0.5537382891618815,0
717,M4,67.0570551502731,0.6273710445130423,696,23.92748622401715,14,0.4960974574572827,0
718,M4,92.18845496937894,0.3165116481970063,9727,19.439946967621665,17,0.4058761267520644,0
719,M4,48.31759245450106,0.7104179571703213,4137,23.75049945340261,5,0.4880716146252158,0
720,M2,81.85549607342249,0.4468192230417382,4778,23.301127319103188,2,0.36720727559926,0
721,M3,47.90154647130405,0.5285452418578275,2323,27.11462216274252,20,0.3445227276430868,0
722,M4,56.4464026159676,0.4851206103192073,6553,25.744660226134403,16,0.2895877419974238,0
723,M1,108.6577172977625,0.5644647710737133,2967,22.155976495436786,14,0.6830732379437012,1
724,M1,65.83123541928995,0.5197035740962264,7648,34.13191328921728,14,0.3273982399584049,0
725,M1,73.04901979373204,0.4320967609980269,6134,28.49666407166745,1,0.4073279370344586,0
726,M3,89.57840726126346,0.4964770186148648,7134,23.97683989092232,3,0.5036973820815115,0
727,M3,78.78898272013615,0.3677470725864641,9267,17.855868831079327,7,0.3502048764509249,0
728,M1,74.10048106389087,0.5763233443970209,5997,18.947237536645343,15,0.5007095171635876,0
729,M4,75.8227564077027,0.4753423234920211,5891,26.207216861982435,19,0.3819777901978981,0
730,M3,118.5248140399333,0.4445496395623127,3066,26.6240958422777,20,0.6576654665349689,1
731,M1,68.5970636907096,0.3823597514696881,4846,29.4514554632694,2,0.2840688106752094,0
732,M1,73.39292420294095,0.2920686740233371,7456,24.421619466645243,19,0.2008127346120458,0
733,M4,91.20983024391796,0.5487634568363052,6170,20.26464665408851,9,0.490419162142121,0
734,M2,92.172778515489,0.7659373439214355,7204,23.72970081827045,19,0.8812110529579792,1
735,M3,92.92814092752556,0.5715622738526445,4565,29.28460293781999,5,0.6283828853737606,1
736,M4,81.91686555979669,0.486419115974703,2821,42.62836715530729,18,0.4563008006605141,0
737,M1,45.56598753339593,0.5011172335155377,9025,22.673640156636928,16,0.244009666182876,0
738,M1,102.97419503037897,0.5136349393514483,4641,23.52080738021153,4,0.5864576687158384,0
739,M4,45.81928731252624,0.4722631196229558,7912,23.517420567784256,12,0.3354019492918973,0
740,M3,76.05668426129785,0.4105379800845106,8500,23.67834648819713,7,0.3168065878111443,0
741,M2,55.50696098373356,0.568403679995759,9931,13.821138262290589,14,0.448145965793342,0
742,M2,68.9252880999642,0.5006913111203417,9086,27.937383663847967,23,0.4811698717471993,0
743,M1,75.85211690805234,0.4884013281653572,6169,24.09648312746589,12,0.5201265870923643,0
744,M3,77.33595672035543,0.5330423553218068,2764,22.463362280850504,3,0.4692725923109643,0
745,M2,78.03044360660444,0.4511354476602689,7535,21.51206013735343,5,0.4451477696009923,0
746,M3,100.94006462216797,0.4509680456097221,2431,19.122210595951938,17,0.6485240665654439,1
747,M3,78.78695852582632,0.5412586380322973,8145,25.753305907055744,10,0.5294654843140226,0
748,M1,65.70366467217175,0.4400673871616043,5562,29.67421875467609,10,0.3314656346478827,0
749,M2,88.60732905135701,0.4351447669773909,5194,30.411346734172877,11,0.4509183096009616,0
750,M4,94.66759219346312,0.4787407318240798,4217,15.145449454795958,17,0.5338983778907099,0
751,M1,44.6775176320425,0.7463684983258827,418,23.74424317425481,5,0.4397303494821094,0
752,M2,81.31378820331163,0.4019561571687919,2502,17.649250708813582,13,0.3175080385287617,0
753,M2,82.9773758303647,0.3282668072436821,7339,19.839101456438957,10,0.3339863217631407,0
754,M2,64.73243946970818,0.5132947422512835,3013,29.756650104611104,9,0.3756864780592304,0
755,M2,97.4608936961432,0.5758209035603692,8712,27.9440194177061,17,0.5733396521161396,0
756,M2,66.01912631160549,0.5651653070238154,7851,30.808177286941103,1,0.4058100654324498,0
757,M3,72.11531872714974,0.4545847290720984,3667,31.221946620670543,4,0.4415832937889413,0
758,M1,63.46741252642357,0.428965246495188,3486,25.510897186360083,4,0.342939004483588,0
759,M3,71.089553315096,0.6098940001590413,6628,13.96720866667194,18,0.5845436921149528,0
760,M4,47.90375162259766,0.317924604605558,696,20.694793470618933,9,0.0902697912806898,0
761,M2,38.79274419710422,0.3873791373781733,4414,24.37342828801588,18,0.1445978190233853,0
762,M1,100.43341982317536,0.4913749867281491,5054,27.74587283182736,14,0.5760906237456271,0
763,M2,52.63917897107584,0.3724671844355277,4724,24.41126020333357,15,0.1359874042717765,0
764,M1,48.857982251769016,0.5275475740259172,7843,23.9316003390702,6,0.2637418838852701,0
765,M3,27.725547051611763,0.6498071494278373,6633,37.96222503909004,10,0.398869323235842,0
766,M1,57.63933793220111,0.4203539728918763,1013,23.34247628925729,15,0.3029293826724498,0
767,M4,43.89774007536791,0.4710495934782813,7604,34.76142415023012,4,0.2893729446734832,0
768,M4,100.23595626751268,0.3479947840012405,3625,19.83288355419429,18,0.4513210069536394,0
769,M1,89.67088337264579,0.3761121362334844,3732,28.024577781836346,18,0.4438392766412343,0
770,M1,55.53937664583647,0.5195233113026869,6844,27.70546181123366,17,0.278328070357123,0
771,M1,114.09466165278158,0.4092514373953402,8691,18.14574240708889,12,0.6381257157104387,1
772,M1,89.22013445866817,0.659017531737137,1328,22.767579359516745,7,0.6505518658641471,1
773,M4,62.37713412274149,0.4716750883213856,3578,21.77735540516629,16,0.4171000970604885,0
774,M2,20.22710643547876,0.4217142593710994,6143,21.45464209927974,11,0.013897387303223,0
775,M1,116.58540280615262,0.5176870425098212,1117,25.070800792841275,14,0.6873332144241404,1
776,M1,42.88893440315175,0.6254487099648061,8595,9.93246768986926,3,0.2924657411404449,0
777,M4,36.95411380915069,0.5574367735248101,3688,25.878075443971685,19,0.3546023305883125,0
778,M4,92.45064833652631,0.6298483286262576,9383,28.543798329318427,18,0.7370533770322393,1
779,M3,119.93502324128598,0.3799689507466911,9184,26.91656862020665,10,0.5994460210513983,0
780,M1,97.5838981665378,0.4112892453714505,9945,33.52632141402801,6,0.4963284796553091,0
781,M3,80.79591019084567,0.3569431725634138,2926,31.167461582304924,13,0.3295531211452894,0
782,M4,83.23311399608765,0.4602640857938525,726,31.58635415690387,10,0.4184339983762997,0
783,M4,88.07589185836889,0.5294827102753502,10192,32.38989332201923,18,0.5647106206979721,0
784,M2,83.76814459191108,0.4951744575298869,4945,8.066837445845154,20,0.5920525775462456,0
785,M1,76.70964979861625,0.5420716227161362,4357,29.70472216480426,16,0.4141954116452302,0
786,M3,71.9296485443136,0.6110720760561998,9583,19.384544128613214,6,0.3718028751717202,0
787,M4,67.8872259114162,0.5300893544549234,8612,17.73079146238744,13,0.4046930787193846,0
788,M4,52.94150236342581,0.359698167444083,5737,16.88159779158083,4,0.2152709767265417,0
789,M3,64.11758226796672,0.657226940627063,7888,23.2841665537753,23,0.6573844384332624,1
790,M2,36.128636130872366,0.3698925973827724,1497,27.31943697896594,14,0.0419230944929994,0
791,M4,69.62053511821522,0.5377475316819846,4255,26.320095453919603,1,0.4044306857303225,0
792,M1,51.18541166473034,0.688146116395297,8169,23.526229093755543,20,0.5691519563210954,0
793,M4,47.34532693430855,0.5383502029999591,4826,30.056289020717973,5,0.2727634003494308,0
794,M1,73.98722541728931,0.377801844162126,5258,23.716281568901856,8,0.3992651588164376,0
795,M3,98.6662951495648,0.5019585640805134,5555,30.072976526830903,12,0.5236649087961709,0
796,M1,88.45228950806347,0.4938488900535038,2926,18.373709047058316,2,0.465998111059358,0
797,M3,38.002833768505255,0.5874874479284914,6820,21.724706429807338,12,0.397811570245749,0
798,M1,49.67526481234981,0.2071476124480151,2483,24.843468028808253,5,0.0690867246382457,0
799,M3,89.20089683022127,0.6594097342669138,148,30.833365726812588,22,0.6893918422494671,1
800,M1,50.763232694758855,0.4279661915933737,5055,18.272583399192676,5,0.1356544232689287,0
801,M2,65.21438238429596,0.4619301054767068,2850,24.386415082076653,13,0.3250684872961117,0
802,M1,78.3818897754377,0.4144413071584918,4663,19.449313853764934,9,0.4029193617844241,0
803,M1,49.342588175436006,0.5684197399838846,634,34.31638137869624,10,0.3402289126933648,0
804,M2,72.7271990445313,0.431231155317799,8113,24.269722745002344,1,0.2610544646570706,0
805,M4,41.18865210428003,0.5677822572613801,9730,19.118918447173854,3,0.3015086564597453,0
806,M4,59.15682813734293,0.7294010617391556,4036,16.063573555223442,18,0.5927680310737918,0
807,M1,77.43179594398924,0.4248225313392467,6751,27.940438722443016,12,0.3018233265864986,0
808,M2,38.18122171129982,0.5425984867302307,2667,30.317631616064823,3,0.2379003294447721,0
809,M1,79.40742579343659,0.3947532968623314,6550,21.939167326576783,9,0.3747528925106865,0
810,M3,70.13601869982526,0.4553604730244018,6123,28.73278173915789,2,0.4476739770421474,0
811,M3,80.93292595997674,0.4558321217526621,5424,22.381768748270428,3,0.4569373384027428,0
812,M1,73.10439356370465,0.3806149938406852,3269,32.3782007083756,14,0.3458976794534579,0
813,M4,98.25008157453856,0.5817526344626738,1335,26.94994871360183,4,0.6017887041137941,0
814,M4,73.91172006434178,0.7203522135461297,7760,27.14618359562338,19,0.6578462684124108,1
815,M1,60.2032986532526,0.4896882239130445,8008,14.561136584829686,13,0.3201379133864069,0
816,M1,71.03469505547598,0.5085411953726595,9936,30.798523338306843,7,0.5085020807844833,0
817,M3,80.72916367597041,0.4600025554092184,5407,31.083607252644967,12,0.3299286717989658,0
818,M4,70.35097681087764,0.3835458516262197,3234,26.52633437022258,3,0.2966278688129288,0
819,M1,70.95678306428312,0.5774146783031145,8725,21.5901895166324,23,0.4633226874000284,0
820,M3,57.16816028372528,0.6508778446885745,5158,19.22979143403628,23,0.500847192176622,0
821,M4,54.49631121070854,0.5459945090410617,7274,35.28008650313907,9,0.3696622572554654,0
822,M2,43.52916651562529,0.4971033971147044,2539,28.306470217703783,2,0.1984970919618249,0
823,M3,104.58486642186188,0.4651281324622878,7997,23.1649284165728,22,0.6056976171439291,0
824,M4,45.6345142708248,0.4402293479162866,3000,30.358903072330268,9,0.1257457226868857,0
825,M4,56.76062188218632,0.4814762617811731,7244,24.396348461389003,12,0.3931204100820889,0
826,M3,56.36719584281385,0.5363054909305467,1907,27.20405991972747,12,0.4042107826265209,0
827,M2,87.96039564291883,0.5194124354335461,5420,25.43690530804481,15,0.4540579874797754,0
828,M3,64.39656703594619,0.4824960232792734,9408,26.31438137971853,2,0.3181576759148952,0
829,M4,95.24386350408008,0.6536073778492766,5461,31.864317058675955,18,0.5809834605834462,0
830,M1,55.89990471434319,0.4597455485785969,3677,32.234095119021696,13,0.2683514608326534,0
831,M1,73.82182805303884,0.5784082033603724,4368,31.982235606805013,14,0.4234680701299423,0
832,M3,52.07387310703966,0.6170982397834813,7627,28.22087788872348,5,0.5983346621862081,0
833,M4,112.79874457596972,0.4046216812655406,841,28.1987405070737,10,0.6207336543391756,1
834,M1,45.46122496251336,0.5089422616687265,5778,22.895693035354963,12,0.2169942595004333,0
835,M4,75.41191813215102,0.3482274281557598,6410,26.87454260755603,10,0.3665777552932999,0
836,M3,84.47478866432816,0.5645508167995192,5160,23.918357380176143,11,0.5560534095085315,0
837,M1,79.13487674568984,0.5402380368605476,9123,14.345720987711791,2,0.4216710935829443,0
838,M4,66.04217085653586,0.4601212593922908,3227,15.07328388399464,5,0.2852184384256013,0
839,M1,68.07562095098692,0.6326851642432801,8671,18.214070878834445,7,0.5517081444559401,0
840,M3,70.45596083399128,0.619504927009898,4666,29.52321800675299,6,0.5832491279731187,0
841,M4,67.17068340161673,0.4500689371557277,7229,20.28510197360387,22,0.3130619489708302,0
842,M1,89.7192109843171,0.3422084234827148,5189,21.50493686392627,23,0.3296487695203953,0
843,M3,113.79285406405516,0.5677066521343831,9810,27.354871049176914,3,0.8036032370756475,1
844,M1,58.16491375230624,0.4501238188246019,400,21.71163032934697,13,0.2313640858284442,0
845,M1,43.82787222688695,0.6329840971262124,5985,30.642230329387328,3,0.3452061250583194,0
846,M2,68.84847200017302,0.2918657115638235,1668,33.38378643798552,21,0.1877199433775795,0
847,M2,119.33957587479364,0.5926658763369635,4915,23.928398305663062,6,0.8223392782225879,1
848,M3,53.258372710573774,0.4030717487720608,3421,32.19641555381366,11,0.1786375798557528,0
849,M2,102.00106360918696,0.6006431227111397,7539,30.364745070176117,17,0.6878967204134256,1
850,M3,102.93287819271642,0.5453499854335654,9154,22.822779637214023,10,0.6039916436638483,0
851,M2,59.790637454599,0.353887310261238,1810,29.947796584453087,12,0.211095935116739,0
852,M1,81.3988675517092,0.4328502435880564,4513,31.083202936146904,17,0.418244654684151,0
853,M3,101.1783027917152,0.5440379110931873,8280,21.92103825356478,4,0.675616653580094,1
854,M3,62.03423034329164,0.4653938370533895,1387,27.648677207046564,2,0.3411001056094999,0
855,M1,66.47013044556896,0.4685206019793576,4354,26.085784425906304,11,0.4324794143910668,0
856,M3,58.14673670549337,0.5349201113866631,1204,27.339251137969704,7,0.589671875476161,0
857,M3,49.06018943497917,0.4033484744165438,8507,24.06248489678056,2,0.1344613481392806,0
858,M2,57.34566837741839,0.5840266072744853,1711,21.53818558520281,18,0.5096161068976455,0
859,M3,47.13938715419395,0.5887610500876167,8460,20.26658831752803,21,0.2770880767793043,0
860,M4,71.14309419814303,0.4470920695985103,6777,31.687353070386955,4,0.314217937247297,0
861,M1,55.90147689185886,0.3466842184357883,7279,17.53489432047285,8,0.1736795689422574,0
862,M2,74.09810401795005,0.5119090661630333,9470,18.959193079606987,20,0.4034119731463287,0
863,M2,38.8737249648034,0.613421673528132,1936,22.40951773178044,14,0.3185082681669515,0
864,M4,76.58905265975346,0.4321563698152579,5392,20.17982055285236,12,0.4159639474165312,0
865,M1,86.78925831624619,0.6503666043432532,10195,16.4501689420392,22,0.6914246814228178,1
866,M1,30.565806754951808,0.3058904923677694,3483,31.857561546027203,21,0.038172149763956,0
867,M2,76.56216227589667,0.5314975053239491,7860,22.594027071480653,18,0.4391958970071704,0
868,M3,95.20071253497932,0.3389996079687187,8941,23.691961029136543,11,0.4194747844812501,0
869,M2,44.17929368722068,0.5315317114526631,5922,29.732795254911483,8,0.3126235341265921,0
870,M1,102.11569107424738,0.5816987930591926,4996,28.740221032399877,2,0.7107261318582371,1
871,M4,80.51600628849414,0.4640027706588638,8751,23.26408844033997,15,0.4023185689199654,0
872,M2,55.389642145352944,0.3227063683929876,5028,26.43353654577592,9,0.0866591712469626,0
873,M1,69.61413779783209,0.5078467855368536,8007,26.36908275321489,19,0.4170589094641984,0
874,M2,82.8648286428614,0.6045702122720767,979,34.57245904975061,20,0.5037420266126307,0
875,M3,69.20565174946975,0.5644293252129217,8313,24.000183537510537,8,0.4568894120413476,0
876,M2,81.90136602908309,0.6944983464840446,3450,19.98060125972685,19,0.6006258852421357,0
877,M2,52.23547174467195,0.3759728427943541,2681,15.44370913467148,5,0.1606857672977822,0
878,M1,75.0276137616546,0.6028284226435233,3330,30.976884989934888,11,0.4906951702578216,0
879,M1,40.54418690023577,0.6162873501177805,9752,20.27142527439269,15,0.3928967449314849,0
880,M1,69.22673342998061,0.1726715905411876,8229,28.88501345790987,8,0.2210979473008638,0
881,M2,51.18243273910152,0.4774730033408739,2918,27.52917284991989,19,0.3192529298463627,0
882,M3,56.34417896248132,0.4787008641968704,8115,22.919651770236293,23,0.2579169321968504,0
883,M4,94.68584246845433,0.5176609785038353,2227,22.35344917177799,8,0.5174829081152215,0
884,M4,92.59697121832052,0.4700187789220874,6288,35.80540950128842,19,0.574954357207943,0
885,M1,82.2316316014487,0.462295521030545,3169,14.890049834091066,18,0.3976807448845607,0
886,M1,46.31434312236169,0.4575922034101141,4764,21.73331307726772,10,0.1983910155427236,0
887,M2,60.55128698316017,0.5016819632619222,8649,31.318397559872484,7,0.3729294490908865,0
888,M4,94.47186953356716,0.4277163379967015,3533,22.11718945084384,9,0.4133370038554986,0
889,M1,72.57060323516674,0.4210452525079199,7261,32.54777656732871,1,0.3138926810717686,0
890,M3,116.7848117510542,0.5661801493254149,4903,29.96102369509579,19,0.7636915496074469,1
891,M3,77.61420332204386,0.3595793555409284,2302,25.777248085280338,5,0.3074744067487904,0
892,M1,75.85905971251844,0.6187583296955467,9199,23.580357794727185,19,0.5022354882972271,0
893,M1,64.04820784377827,0.5694172341793362,6423,18.20090456610184,1,0.4071110726323734,0
894,M4,72.22387036806298,0.2583476944944254,5454,27.026166762641267,15,0.2493427479720256,0
895,M4,67.28796633873598,0.4432884175705039,3022,38.12523713567846,16,0.3106169547089126,0
896,M2,83.7334987368905,0.5618597048318505,6938,23.9945706862231,23,0.6314932614889893,1
897,M4,89.22697657000568,0.353655050264573,1291,15.897004175102149,7,0.3809485758607119,0
898,M3,53.06273060260517,0.4209640719997794,5525,27.61126139671894,12,0.2574320600661511,0
899,M3,43.366755726984834,0.5484497511081747,4407,32.570081254301506,8,0.3035789054660953,0
900,M1,32.798040141898895,0.5970633298078238,3987,19.21594358913907,5,0.2803425421342325,0
901,M4,79.0370899128822,0.4543990169334868,2037,21.410886859946046,10,0.4060308334318466,0
902,M2,49.90840374459517,0.4219898497161491,4591,23.781471499294952,21,0.2014718947812769,0
903,M3,25.858452771010175,0.6170748034047667,7970,25.953359366597336,5,0.3492145468613546,0
904,M3,77.77853631406123,0.7262656482341394,3708,25.0886063834071,17,0.6687723624696613,1
905,M2,119.05718231370706,0.4552386298981968,2857,20.188368114636084,5,0.8100775413245402,1
906,M2,70.17562124008201,0.4930979437727633,5223,17.87477595869697,22,0.3953900864954986,0
907,M3,85.49543035456392,0.4964226676050257,2735,22.185743298654515,15,0.3952133319125798,0
908,M3,72.47694399488685,0.4428170618582128,6433,22.23115320249009,13,0.3185328326932155,0
909,M2,70.05836312253598,0.615593772554932,7825,23.02191599642313,1,0.4489089156164256,0
910,M3,87.5419904226547,0.4401273791133222,4322,25.05397685157893,11,0.5504341077186778,0
911,M1,65.4114779789083,0.5780473977211867,3522,18.64593742019784,23,0.5280815753561219,0
912,M1,74.96596693704237,0.5907474162879373,9828,25.925609041325465,1,0.5145152720140626,0
913,M2,77.93974724499635,0.4272234994869016,5138,21.46944440527777,11,0.2842144781896131,0
914,M4,58.826689913235015,0.5481329509300555,816,26.880135859254544,18,0.4288640749013103,0
915,M2,89.60714197902199,0.3808058481332325,7347,32.008776018041765,18,0.4167527433889174,0
916,M2,64.98053878519717,0.4816760798981146,5138,30.021058056637838,21,0.3378850041613122,0
917,M4,55.8331811975792,0.4523951007707845,8522,25.79254712763531,16,0.3438205340985691,0
918,M4,80.95461407935218,0.7256513119574456,7011,32.027445312697,13,0.7435478842862261,1
919,M4,52.532431531956895,0.6772076231487243,3962,22.247197511211013,7,0.7706741044623633,1
920,M1,70.2237781055382,0.585284279136861,9706,26.17462750644865,1,0.4777810380746192,0
921,M3,68.93312724845522,0.4319260897335691,8884,21.38727891364577,16,0.3793771489117031,0
922,M1,92.87825949759852,0.5310707053222343,2978,28.055170468853824,1,0.5806718489292403,0
923,M3,79.81375465215508,0.6213597399842321,3821,27.53235359009746,17,0.5544075609007661,0
924,M1,68.05590379091339,0.4902958452188933,7037,25.977674889816186,6,0.3615740052369478,0
925,M3,87.04220120720863,0.6791220753736471,4059,14.91836069199756,2,0.7239822351435005,1
926,M1,98.29031957831276,0.5714591035009077,4609,30.77077566815382,17,0.5855297786307709,0
927,M4,80.83090720271369,0.4647655082781983,3581,21.521411995986814,6,0.5045748220123204,0
928,M2,71.82686563110992,0.5768131437805168,9664,22.666175921999653,14,0.4798403540220988,0
929,M1,43.145102190649546,0.5026501545185215,6621,22.533646025239328,18,0.2935921165360016,0
930,M3,48.5287402403377,0.6297956234809605,4427,23.10302888931571,6,0.3719889816037644,0
931,M4,64.66415400087484,0.4726280348271136,2850,26.069913490907844,10,0.2862690294394203,0
932,M1,57.88651890714506,0.4803372355485972,7066,22.465929428692597,18,0.2626321634472665,0
933,M1,64.87615078593265,0.4722536683381872,1721,32.82011442552366,9,0.2508822048869634,0
934,M4,71.31679787093557,0.6002674996837715,5428,27.28271412052374,8,0.4578984586729818,0
935,M1,80.17946529516938,0.5700225836625409,2096,18.829588989827897,10,0.5322466008561056,0
936,M2,69.44702068373444,0.5457138939408137,3584,28.013237953372915,17,0.4302329771983716,0
937,M1,79.88125122051918,0.6974961623703401,7181,19.58093567476931,23,0.6735678126660252,1
938,M2,71.3839959492498,0.5062491318544868,4626,30.22700990328322,6,0.4021267071366665,0
939,M2,29.442417509203523,0.6021328316547372,4893,18.08417767470901,14,0.2518801956707454,0
940,M4,50.983266815710905,0.2793138911474171,5197,13.520887083819996,22,0.1664487874040867,0
941,M1,68.08834997958034,0.5553302056922257,5060,25.199252054960542,22,0.3344774004449457,0
942,M4,45.02956879863648,0.5726052049343938,7721,31.939116712097825,6,0.3545593603792087,0
943,M1,81.96602437683639,0.5037869445296864,5873,23.106013211469083,7,0.5699675697249064,0
944,M1,99.67857059522494,0.4249136376544057,1488,30.4046579328342,12,0.5307622326804874,0
945,M3,93.19139439289468,0.3863737222557322,1883,23.657177548421394,3,0.5163197962259836,0
946,M1,65.64628353640649,0.2937008713226315,8080,14.978561884450585,14,0.2219434962001069,0
947,M4,99.98832390187636,0.4571846584873497,2695,19.417394174721657,22,0.5160966579812145,0
948,M2,74.96721208327483,0.6647740469766987,5029,24.31952692134677,19,0.5196530080923187,0
949,M1,62.802820193793,0.5780542308816466,3027,25.143934496780297,23,0.4113394395310151,0
950,M3,57.68177746154732,0.5617096027363497,3799,33.62066862759232,16,0.3857912625429586,0
951,M4,62.7005327522665,0.4482221426573103,9762,18.47248004539601,7,0.3680296525570046,0
952,M1,62.84870364408234,0.4594820505801421,957,17.913685948253974,8,0.3302567822290501,0
953,M4,73.80641922686304,0.3966215013840455,6639,28.62598838108179,18,0.3475875411662808,0
954,M3,74.69987429868873,0.5345764114109482,8323,19.58725154414908,13,0.5008127318533352,0
955,M3,71.172542554577,0.5245204506265088,2646,7.99161442252862,21,0.4206017867522718,0
956,M4,79.09017006376928,0.5354013317134558,10338,33.87288986517474,9,0.5227261851699806,0
957,M1,93.34285399613812,0.4304425970518996,1558,19.9548611181779,10,0.4507685571954722,0
958,M2,89.19575114671653,0.2510994964994514,4033,26.36417841308841,21,0.3032452342817754,0
959,M3,40.19102716887017,0.616467929465981,2523,20.14707914979444,23,0.3452791445069245,0
960,M1,19.87497483519888,0.4363955152308208,803,20.11887291062355,9,0.0450274493459869,0
961,M1,89.51262971474794,0.3339440612845765,3794,18.990872865816986,15,0.4040561783195222,0
962,M2,42.36601058803682,0.5710669823042962,3684,22.304254222850748,20,0.3174237794294178,0
963,M3,64.04269818231944,0.4549605361190082,3638,25.361549593485524,2,0.3178220705758541,0
964,M3,47.93112677903324,0.5270122657769034,3071,23.45271376152054,13,0.3860426771655517,0
965,M1,34.542265205222805,0.5321355226228429,7646,24.82509783692894,2,0.276508990677739,0
966,M1,80.5097644935231,0.5982105603706157,3738,14.218778421553496,19,0.5253483560115755,0
967,M2,85.7259765541566,0.3065819319469113,4141,28.163818244432157,2,0.3428317034339299,0
968,M2,58.54465329171564,0.5590854450522155,2875,33.82294640081655,3,0.4782999022058664,0
969,M3,19.49777208332128,0.5098808720237987,1145,31.049338282613625,6,0.1405450868256391,0
970,M4,57.14533080314532,0.4942188995659779,4684,26.76018472330775,3,0.2907347343958743,0
971,M3,77.4388891415375,0.6048552262703599,8431,27.821450086426328,10,0.4643805178937146,0
972,M1,42.02082313999612,0.3553232444528522,1618,38.98418725188008,6,0.0567383458286091,0
973,M3,74.23039679905042,0.5951066681558725,8864,29.65333729862492,23,0.473319675679131,0
974,M4,71.4664096848543,0.414397730606876,9260,27.334312697917056,16,0.2976811804017878,0
975,M2,80.36402289885831,0.33047717243351,6094,14.699454833183724,17,0.3223483065605547,0
976,M4,73.46380408422155,0.3803496352080565,2504,21.82905646482514,19,0.2427367068076676,0
977,M4,51.55084560582272,0.6069884350525865,8285,26.513646267621237,3,0.4291899586291817,0
978,M4,92.249701497961,0.4559253525221217,7945,22.375530269129964,18,0.4721954001785896,0
979,M2,66.53390624992751,0.6060712796741019,6552,19.842734694120335,7,0.5737435129241024,0
980,M4,69.34738010460728,0.4697421437367605,4625,19.98846986101724,9,0.3270259177592906,0
981,M4,49.71508478976868,0.3232387944024105,3381,21.25259381205384,20,0.1138495349431791,0
982,M4,60.85975264964936,0.3999104433643383,6996,24.59961604819869,12,0.2285588725204718,0
983,M1,53.177128860240586,0.6193275032594373,7454,27.97742752533774,5,0.4568543067589083,0
984,M4,66.1501557420068,0.4705500264392491,7203,35.92130136210324,3,0.3700266832414696,0
985,M2,104.47630275852087,0.4694058093318603,6066,29.457107241909515,11,0.5484791936004743,0
986,M4,42.811347424100525,0.4956972661407005,10025,25.440805880263373,4,0.2713119487895961,0
987,M4,37.716628631326415,0.470743867097875,8399,14.92284756598868,5,0.2745192196490922,0
988,M2,98.71822452584674,0.5180413778061238,6983,27.888847331208964,1,0.7171827118874851,1
989,M4,66.47234043184658,0.6540707514606415,3201,27.212611179136683,18,0.5456395005436429,0
990,M2,55.03151146527568,0.4416622446846486,1130,28.56195950137513,12,0.2637153717060729,0
991,M4,90.80668188642971,0.2809402725201936,9175,23.888667272786773,13,0.3936387117597928,0
992,M2,59.2731755457808,0.4639802322403614,2444,35.49298161766388,9,0.2788658338345576,0
993,M4,106.07282102109752,0.5213343229096207,7044,25.14760299249065,2,0.6525312125356098,1
994,M4,82.8311962052831,0.3786434277178022,4560,26.993897447760965,5,0.3752887328888558,0
995,M1,60.967287975861325,0.4166253744195383,9032,14.778434139525512,13,0.2386625168151363,0
996,M1,113.3095960258972,0.6001334886603787,9309,22.35305032397863,16,0.7055524656417276,1
997,M4,58.63114882199016,0.5593643007772118,8021,32.47544069514771,16,0.3294578465803784,0
998,M4,84.8804059258814,0.510467931696588,2584,30.328126850027463,3,0.4807087645370644,0
999,M3,73.59755915737865,0.4199149448868504,1222,19.16996286211789,22,0.3130078083133741,0
